hotel,price,score,avg review,reviews count,image_links,hotel_url,popular_facilities,description
Smart Hotel Montevideo,US$70,"8,6",Fabuloso,2.112,https://cf.bstatic.com/xdata/images/hotel/square600/39837703.webp?k=bd613b3535977ff6d3f266b283986681dd268059d55f3bbb7576f2b0a8518a56&o=,https://www.booking.com/hotel/uy/smart-montevideo.es.html?aid=304142&label=gen173nr-1FCAQoggI46wdIClgEaO0BiAEBmAEKuAEXyAEM2AEB6AEB-AEDiAIBqAIDuALY1KqtBsACAdICJDMzMzQ4ZGZkLTg1NjEtNGQ1MS1iOTk1LThhZDhhNDA0MTFmM9gCBeACAQ&ucfs=1&arphpl=1&checkin=2024-01-23&checkout=2024-01-24&group_adults=1&req_adults=1&no_rooms=1&group_children=0&req_children=0&hpos=1&hapos=1&sr_order=popularity&srpvid=59cb776c9dba00cd&srepoch=1705683551&all_sr_blocks=116517101_89188931_1_2_0&highlighted_blocks=116517101_89188931_1_2_0&matching_block_id=116517101_89188931_1_2_0&sr_pri_blocks=116517101_89188931_1_2_0__7000&from_sustainable_property_sr=1&from=searchresults#hotelTmpl,"['Recepción 24 horas', 'Cámaras de seguridad fuera del alojamiento', 'Teléfono', 'Prohibido fumar en todo el alojamiento', 'Canales por cable', 'Calefacción', 'Salas de reuniones / banquetes', 'WC', 'Alquiler de bicicletas', 'Buen desayuno', 'Información turística', 'Ducha', 'Vino / champán', 'Menú para niños', 'Ascensor', 'Gimnasio', 'Bar', 'Ropa de cama', 'Happy hour', 'Guardaequipaje', 'Alquiler de coches', 'Toda la unidad accesible en silla de ruedas', 'Traslado aeropuerto', 'Tarjeta de acceso', 'Hervidor eléctrico', 'Zona de cocina', 'Proporciona factura', 'Extintores', 'Baño privado', 'Vistas', 'Caja fuerte para ordenador portátil', 'Vistas a la ciudad', 'Restaurante', 'Portugués', 'TV de pantalla plana', 'Habitaciones sin humo', 'Terraza', 'Papel higiénico', 'Plancha para pantalones', 'WiFi gratis', 'Servicio de conserjería', 'Toallas', 'Bidet', 'Servicio de limpieza diario', 'Cámaras de seguridad en las zonas comunitarias', 'Español', 'Servicio de traslado', 'Servicio de despertador', 'Minibar', 'Caja fuerte', 'Escritorio', 'Suelo de madera o parquet', 'Terraza / solárium', 'Inglés', 'Alarma de seguridad', 'Detectores de humo', 'Servicio de limpieza en seco', 'Servicio de planchado', 'Fax / fotocopiadora', 'Servicio de lavandería', 'Artículos de aseo gratis', 'Cafetería en el alojamiento', 'Aire acondicionado', 'Secador de pelo', 'Servicio de habitaciones']","El Smart Hotel Montevideo se encuentra en el centro de Montevideo y ofrece habitaciones sofisticadas decoradas con elegancia. El establecimiento cuenta con restaurante y conexión WiFi gratuita.

Las habitaciones del Smart Hotel Montevideo presentan una decoración elegante y cuentan con suelo de madera, aire acondicionado, TV de pantalla plana, caja fuerte y baño privado amplio.

Todas ellas disfrutan de vistas preciosas a la ciudad. El establecimiento también dispone de instalaciones para reuniones y mostrador de información turística.

El Smart Hotel Montevideo está ubicado a 200 metros de la plaza de la Independencia, a 300 metros del teatro Solís y a 600 metros de la plaza Cagancha. Asimismo, el establecimiento se halla a 30 km del aeropuerto internacional Carrasco."
Villa Serrana - Mesón de las cañas,US$58,"8,6",Fabuloso,384,https://cf.bstatic.com/xdata/images/hotel/square600/418438956.webp?k=5d0ac22d21699cffa334ed4d6e2d11e5f9d9e6b93370441865cd703f8e770bcf&o=,https://www.booking.com/hotel/uy/villa-serrana-meson-de-las-canas-villa-serrana.es.html?aid=304142&label=gen173nr-1FCAQoggI46wdIClgEaO0BiAEBmAEKuAEXyAEM2AEB6AEB-AEDiAIBqAIDuALY1KqtBsACAdICJDMzMzQ4ZGZkLTg1NjEtNGQ1MS1iOTk1LThhZDhhNDA0MTFmM9gCBeACAQ&ucfs=1&arphpl=1&checkin=2024-01-23&checkout=2024-01-24&group_adults=1&req_adults=1&no_rooms=1&group_children=0&req_children=0&hpos=2&hapos=2&sr_order=popularity&srpvid=59cb776c9dba00cd&srepoch=1705683551&all_sr_blocks=942557906_375818417_1_1_0&highlighted_blocks=942557906_375818417_1_1_0&matching_block_id=942557906_375818417_1_1_0&sr_pri_blocks=942557906_375818417_1_1_0__5780&from=searchresults#hotelTmpl,"['Calefacción', 'Enchufe cerca de la cama', 'WC', 'Habitaciones familiares', 'Ducha', 'Jardín', 'Bar', 'Ropa de cama', 'Bañera o ducha', 'Baño privado', 'Restaurante', 'Piscina al aire libre', 'Habitaciones sin humo', 'Papel higiénico', 'WiFi gratis', 'Toallas', 'Español', 'Suelo de madera o parquet', 'Desayuno fabuloso', 'Aseo adicional', 'Artículos de aseo gratis', 'Parking gratis', 'Aire acondicionado', 'Secador de pelo', 'Servicio de habitaciones']","Villa Serrana - Mesón de las cañas se encuentra en Villa Serrana, a 26 km de Estadio Juan Antonio Lavalleja, y ofrece alojamiento con jardín, parking privado gratis, restaurante y bar. La posada u hostería dispone de habitaciones familiares.

Las habitaciones de este alojamiento tienen baño privado con ducha y artículos de aseo gratuitos, además de wifi gratis. Algunas de las habitaciones también disponen de vistas a la montaña. En la posada u hostería, todas las habitaciones tienen ropa de cama y toallas.

El aeropuerto más cercano (Aeropuerto Capitan de Corbeta Carlos A. Curbelo) está a 92 km."
Arapey Oasis Termal Hotel,US$101,"8,9",Fabuloso,1.245,https://cf.bstatic.com/xdata/images/hotel/square600/34185421.webp?k=d016c87608667d4c3fac1ef5601a7b6ab3c801ea904cfa26d0272c406e6261e5&o=,https://www.booking.com/hotel/uy/arapey-oasis-termal.es.html?aid=304142&label=gen173nr-1FCAQoggI46wdIClgEaO0BiAEBmAEKuAEXyAEM2AEB6AEB-AEDiAIBqAIDuALY1KqtBsACAdICJDMzMzQ4ZGZkLTg1NjEtNGQ1MS1iOTk1LThhZDhhNDA0MTFmM9gCBeACAQ&ucfs=1&arphpl=1&checkin=2024-01-23&checkout=2024-01-24&group_adults=1&req_adults=1&no_rooms=1&group_children=0&req_children=0&hpos=3&hapos=3&sr_order=popularity&srpvid=59cb776c9dba00cd&srepoch=1705683551&all_sr_blocks=33906103_329286836_0_2_0&highlighted_blocks=33906103_329286836_0_2_0&matching_block_id=33906103_329286836_0_2_0&sr_pri_blocks=33906103_329286836_0_2_0__10120&from=searchresults#hotelTmpl,"['Cubierta para piscina', 'Jardín', 'Menú para niños', 'Suelo de baldosa / mármol', 'Baños públicos', 'Menús para dietas especiales (bajo petición)', 'Entrada privada', 'Reproductor de DVD', 'Ping pong', 'Sombrillas', 'Habitaciones sin humo', 'Servicio de conserjería', 'Tetera/cafetera en todas las habitaciones', 'Zona de spa / relajación', 'Para todas las edades', 'Tumbonas/sillas de playa', 'Toallas / sábanas (por un suplemento)', 'Pesca', 'Zona de estar', 'Parking gratis', 'Libros, DVD o música para niños', 'Tours en bici', 'Secador de pelo', 'Minibar', 'Canales vía satélite', 'Calefacción', 'Sala de juegos', 'Vino / champán', 'Tours a pie', 'Club infantil', 'Sofá cama', 'Piscina privada', 'Extintores', 'WC con barras de apoyo', 'Vistas', 'Fruta', 'Restaurante', 'Tetera / cafetera', 'TV de pantalla plana', 'Mosquitera', 'Español', 'Desayuno en la habitación', 'Ventilador', 'Clases de fitness', 'Caja fuerte', 'Terraza / solárium', 'Masajes', 'Detectores de humo', 'Servicio de planchado', 'Adaptado personas de movilidad reducida', 'Canales de pago', 'Servicio de lavandería', 'Fax', 'Patio', 'Albornoz', 'Servicio de despertador / alarma', 'Aire acondicionado', 'Zona poco profunda', 'Servicio de habitaciones', 'Teléfono', 'Habitaciones familiares', 'Información turística', 'Abierta todo el año', 'Ducha', 'Gimnasio', 'Guardaequipaje', 'Ropa de cama', 'Bañera o ducha', 'Zona de juegos para niños', 'Paquetes de spa / bienestar', 'Bañera de hidromasaje', 'Aeróbic', 'Vídeo', 'Adaptado para sillas de ruedas', 'Bañera de hidromasaje / jacuzzi', 'Baño privado', 'Vistas a un patio interior', 'Piscina con vistas', 'Personal de animación', 'Papel higiénico', 'Zona de comedor', 'Llave de acceso', 'Mesa de comedor', '2 piscinas', 'TV', 'Desayuno fabuloso', 'Equipamiento de juegos para exterior', 'Alarma de seguridad', 'Zona TV / salón de uso compartido', 'Bingo', 'Artículos de aseo gratis', 'Recepción 24 horas', 'Enchufe cerca de la cama', 'WC', 'Alquiler de bicicletas', 'Solárium', 'Vistas a la piscina', 'Mobiliario exterior', 'Perchero', 'Zona de juegos interior', 'Hervidor eléctrico', 'Toda la unidad en la planta baja', 'Armario', 'Instalaciones de spa', 'Ciclismo', 'Vistas a la ciudad', 'Plancha para ropa', 'Terraza', 'WiFi gratis', 'Campo de golf (a menos de 3 km)', 'Toallas', 'Bidet', 'Servicio de limpieza diario', 'Vistas al jardín', 'Servicio de despertador', 'Parking en la calle', 'Almuerzos para llevar', 'Juegos de mesa / puzles', 'Sofá', 'Fax / fotocopiadora', 'Tendedero', 'Bañera', 'Radio', 'Sauna', 'Toallas de playa/piscina', 'Spa y centro de bienestar']","Este hotel está situado a solo 5 metros de las termas del Arapey y cuenta con 2 grandes piscinas de aguas termales, una bañera de hidromasaje y una zona de spa. Dispone de habitaciones con conexión Wi-Fi gratuita y aire acondicionado y ofrece bicicletas gratuitas.

En el Arapey Oasis Termal Hotel, los huéspedes podrán reservar un masaje, relajarse en las hamacas o hacer ejercicio en el gimnasio. Cuenta con extensos jardines y una piscina con tumbonas.

Las habitaciones disponen de aire acondicionado, TV de pantalla plana por cable, paredes pintadas en tonos crema y ​​zonas de estar y comedor con muebles de madera clara. Todos los baños incluyen una bañera de hidromasaje.

El pintoresco puente del ferrocarril sobre el río Arapey se encuentra a 5 minutos en coche. En el mostrador de información turística podrán proporcionarle información útil.

Los huéspedes podrán disfrutar de un completo desayuno bufé con frutas tropicales y croissants y degustar una cena a la carta en el restaurante La Goleta.

El aeropuerto internacional de Nueva Hespérides se encuentra a 1 hora en coche."
Gran Hotel Brisas del Hum,US$84,"7,9",Bien,476,https://cf.bstatic.com/xdata/images/hotel/square600/73816134.webp?k=e77dbf5f69a22a1f32c9769e415b83889c1021d6b8ea4a25a9247abc4d732234&o=,https://www.booking.com/hotel/uy/gran-brisas-del-hum.es.html?aid=304142&label=gen173nr-1FCAQoggI46wdIClgEaO0BiAEBmAEKuAEXyAEM2AEB6AEB-AEDiAIBqAIDuALY1KqtBsACAdICJDMzMzQ4ZGZkLTg1NjEtNGQ1MS1iOTk1LThhZDhhNDA0MTFmM9gCBeACAQ&ucfs=1&arphpl=1&checkin=2024-01-23&checkout=2024-01-24&group_adults=1&req_adults=1&no_rooms=1&group_children=0&req_children=0&hpos=4&hapos=4&sr_order=popularity&srpvid=59cb776c9dba00cd&srepoch=1705683551&all_sr_blocks=31582701_89161243_0_1_0&highlighted_blocks=31582701_89161243_0_1_0&matching_block_id=31582701_89161243_0_1_0&sr_pri_blocks=31582701_89161243_0_1_0__8400&from_sustainable_property_sr=1&from=searchresults#hotelTmpl,"['Recepción 24 horas', 'Teléfono', 'Prohibido fumar en todo el alojamiento', 'Secador de pelo', 'Enchufe cerca de la cama', 'Sala de juegos', 'Canales por cable', 'WC', 'Información turística', 'Buen desayuno', 'Salas de reuniones / banquetes', 'Calefacción', 'Solárium', 'Ducha', 'Ascensor', 'Gimnasio', 'Guardaequipaje', 'Ropa de cama', 'Perchero', 'Bañera o ducha', 'Zona de juegos interior', 'Acceso a pisos superiores en ascensor', 'Extintores', 'Baño privado', 'Armario', 'Vistas', 'Ping pong', 'Sombrillas', 'TV de pantalla plana', 'Piscina al aire libre', 'Habitaciones sin humo', 'Terraza', 'Papel higiénico', 'Centro de negocios', 'WiFi gratis', 'Servicio de conserjería', 'Toallas', 'Bidet', 'Zona de fumadores', 'Suelo de moqueta', 'De temporada', 'Español', 'Servicio de despertador', 'Acceso a pisos superiores solo mediante escaleras', 'Juegos de mesa / puzles', 'Caja fuerte', 'TV', 'Terraza / solárium', 'Nevera', 'Detectores de humo', 'Fax / fotocopiadora', 'Servicio de planchado', 'Servicio de lavandería', 'Artículos de aseo gratis', 'Toallas / sábanas (por un suplemento)', 'Servicio de despertador / alarma', 'Aire acondicionado', 'Reloj despertador', 'Minibar']","Este establecimiento se encuentra en el centro de Mercedes, a solo 4 calles del río Negro, y dispone de piscina al aire libre con zona de terraza y gimnasio. Algunas tienen balcón privado.

El Gran Hotel Brisas del Hum cuenta con un vestíbulo de estilo moderno. Hay conexión Wi-Fi gratuita en las zonas comunes.

Las habitaciones disponen de aire acondicionado, cortinas hasta el suelo, colchas de color oliva pálido y accesorios de madera oscura. Hay detalles de arte contemporáneo. TV por cable y minibar.


El Brisas del Hum está a solo 1 calle de la pintoresca catedral de Mercedes. El castillo Maua, un monumento arquitectónico local, está a 6 km."
Like Design Hotel Rivera,US$54,"9,3",Fantástico,403,https://cf.bstatic.com/xdata/images/hotel/square600/472285288.webp?k=fbcd7855bde1167dd7b9c5bb4c1e87327dc4bb4b470a29c050c6edd0684146bb&o=,https://www.booking.com/hotel/uy/like-design-rivera.es.html?aid=304142&label=gen173nr-1FCAQoggI46wdIClgEaO0BiAEBmAEKuAEXyAEM2AEB6AEB-AEDiAIBqAIDuALY1KqtBsACAdICJDMzMzQ4ZGZkLTg1NjEtNGQ1MS1iOTk1LThhZDhhNDA0MTFmM9gCBeACAQ&ucfs=1&arphpl=1&checkin=2024-01-23&checkout=2024-01-24&group_adults=1&req_adults=1&no_rooms=1&group_children=0&req_children=0&hpos=5&hapos=5&sr_order=popularity&srpvid=59cb776c9dba00cd&srepoch=1705683551&all_sr_blocks=1024825301_375141470_1_1_0&highlighted_blocks=1024825301_375141470_1_1_0&matching_block_id=1024825301_375141470_1_1_0&sr_pri_blocks=1024825301_375141470_1_1_0__5390&from_sustainable_property_sr=1&from=searchresults#hotelTmpl,"['Recepción 24 horas', 'Cámaras de seguridad fuera del alojamiento', 'Prohibido fumar en todo el alojamiento', 'Calefacción', 'Salas de reuniones / banquetes', 'Habitaciones familiares', 'Información turística', 'Solárium', 'Ascensor', 'Gimnasio', 'Guardaequipaje', 'Alquiler de coches', 'Tarjeta de acceso', 'Proporciona factura', 'Extintores', 'Desayuno fantástico', 'Portugués', 'Habitaciones sin humo', 'Terraza', 'WiFi gratis', 'Registro de entrada / salida privado', 'Servicio de conserjería', 'Servicio de limpieza diario', 'Cámaras de seguridad en las zonas comunitarias', 'Español', 'Servicio de traslado', 'Caja fuerte', 'Terraza / solárium', 'Alarma de seguridad', 'Detectores de humo', 'Servicio de planchado', 'Zona TV / salón de uso compartido', 'Servicio de lavandería', 'Aire acondicionado']","Like Design Hotel Rivera está en Rivera, a 16 min a pie de Estadio Atilio Paiva Olivera, y dispone de servicio de conserjería, habitaciones libres de humo, centro de fitness, wifi gratis en todo el alojamiento y salón de uso común. Este hotel de 4 estrellas ofrece mostrador de información turística y guardaequipaje. El hotel ofrece terraza y recepción 24 horas."
Lobo Hostel Bar,US$22,"8,4",Muy bien,520,https://cf.bstatic.com/xdata/images/hotel/square600/518922440.webp?k=123fb980e27d6f4eeb1157dffb5e373a417c27f2268ed2d25ddcc170e8a77129&o=,https://www.booking.com/hotel/uy/lobo-hostel-bar.es.html?aid=304142&label=gen173nr-1FCAQoggI46wdIClgEaO0BiAEBmAEKuAEXyAEM2AEB6AEB-AEDiAIBqAIDuALY1KqtBsACAdICJDMzMzQ4ZGZkLTg1NjEtNGQ1MS1iOTk1LThhZDhhNDA0MTFmM9gCBeACAQ&ucfs=1&arphpl=1&checkin=2024-01-23&checkout=2024-01-24&group_adults=1&req_adults=1&no_rooms=1&group_children=0&req_children=0&hpos=6&hapos=6&sr_order=popularity&srpvid=59cb776c9dba00cd&srepoch=1705683552&all_sr_blocks=132456401_265773545_1_42_0&highlighted_blocks=132456401_265773545_1_42_0&matching_block_id=132456401_265773545_1_42_0&sr_pri_blocks=132456401_265773545_1_42_0__2160&from_sustainable_property_sr=1&from=searchresults#hotelTmpl,"['Recepción 24 horas', 'Horno', 'Información turística', 'Playa', 'Jardín', 'Vino / champán', 'Menú para niños', 'Discoteca / DJ', 'Bar', 'Muebles de exterior', 'Perchero', 'Fogones', 'Zona de comedor exterior', 'Menús para dietas especiales (bajo petición)', 'Senderismo', 'Zona de cocina', 'Desayuno fantástico', 'Vistas', 'Fruta', 'Restaurante', 'Portugués', 'Supermercado pequeño en el alojamiento', 'Habitaciones sin humo', 'Papel higiénico', 'Zona de comedor', 'Español', 'Francés', 'Cocina', 'Almuerzos para llevar', 'Juegos de mesa / puzles', 'Mesa de comedor', 'Baño compartido', 'Inglés', 'Cambio de moneda', 'Barbacoa', 'Tendedero', 'Zona TV / salón de uso compartido', 'Cocina compartida', 'Snack-bar', 'Cafetería en el alojamiento', 'Entretenimiento nocturno']","El Lobo Hostel Bar ofrece un restaurante, espectáculos en directo y alojamientos cómodos en Cabo Polonio. Las instalaciones de playa son gratuitas y el bar del establecimiento sirve bebidas deliciosas.

Las habitaciones compartidas disponen de roperos y baños compartidos.

Se pueden preparar comidas en la cocina y la zona de barbacoa de uso común del Lobo Hostel Bar. La recepción 24 horas facilita información útil para desplazarse por la zona y el establecimiento también cuenta con una discoteca, salón compartido y mostrador de información turística."
Hotel Sayonara by Las Calas,US$50,"7,8",Bien,51,https://cf.bstatic.com/xdata/images/hotel/square600/410572404.webp?k=c304e82cfb7da98e7f0136bf17211e49ef296889b7e138380ce7cd16f0157b8f&o=,https://www.booking.com/hotel/uy/sayonara-by-las-calas.es.html?aid=304142&label=gen173nr-1FCAQoggI46wdIClgEaO0BiAEBmAEKuAEXyAEM2AEB6AEB-AEDiAIBqAIDuALY1KqtBsACAdICJDMzMzQ4ZGZkLTg1NjEtNGQ1MS1iOTk1LThhZDhhNDA0MTFmM9gCBeACAQ&ucfs=1&arphpl=1&checkin=2024-01-23&checkout=2024-01-24&group_adults=1&req_adults=1&no_rooms=1&group_children=0&req_children=0&hpos=7&hapos=7&sr_order=popularity&srpvid=59cb776c9dba00cd&srepoch=1705683552&all_sr_blocks=562827401_212033185_1_1_0&highlighted_blocks=562827401_212033185_1_1_0&matching_block_id=562827401_212033185_1_1_0&sr_pri_blocks=562827401_212033185_1_1_0__5040&from=searchresults#hotelTmpl,"['Recepción 24 horas', 'Cámaras de seguridad fuera del alojamiento', 'Prohibido fumar en todo el alojamiento', 'Calefacción', 'Sala de juegos', 'Salas de reuniones / banquetes', 'Habitaciones familiares', 'Buen desayuno', 'Información turística', 'Jardín', 'Mobiliario exterior', 'Bar', 'Proporciona factura', 'Baño privado', 'TV de pantalla plana', 'Habitaciones sin humo', 'WiFi gratis', 'Registro de entrada / salida privado', 'Habitaciones insonorizadas', 'Cámaras de seguridad en las zonas comunitarias', 'Español', 'Inglés', 'Cambio de moneda', 'Alarma de seguridad', 'Zona TV / salón de uso compartido', 'Servicio de lavandería', 'Seguridad 24 horas', 'Cafetería en el alojamiento', 'Aire acondicionado', 'Servicio de habitaciones']","Hotel Sayonara by Las Calas se encuentra en Paso de los Toros y dispone de jardín, salón de uso común, bar y wifi gratis en todo el alojamiento. El alojamiento ofrece servicio de habitaciones, recepción 24 horas y cambio de moneda.

Todas las unidades de este alojamiento están equipadas con TV de pantalla plana. En el hotel, todas las habitaciones cuentan con aire acondicionado y baño privado."
Salinas del Almiron Resort Termal,US$180,"8,7",Fabuloso,736,https://cf.bstatic.com/xdata/images/hotel/square600/201529938.webp?k=dc03f828c8d7bc51b11b6ed095680b88c7f680c94e5e95a65cc6f28058b2bbb8&o=,https://www.booking.com/hotel/uy/salinas-del-almiron-resort-termal.es.html?aid=304142&label=gen173nr-1FCAQoggI46wdIClgEaO0BiAEBmAEKuAEXyAEM2AEB6AEB-AEDiAIBqAIDuALY1KqtBsACAdICJDMzMzQ4ZGZkLTg1NjEtNGQ1MS1iOTk1LThhZDhhNDA0MTFmM9gCBeACAQ&ucfs=1&arphpl=1&checkin=2024-01-23&checkout=2024-01-24&group_adults=1&req_adults=1&no_rooms=1&group_children=0&req_children=0&hpos=8&hapos=8&sr_order=popularity&srpvid=59cb776c9dba00cd&srepoch=1705683552&all_sr_blocks=163633303_231703221_0_21_0&highlighted_blocks=163633303_231703221_0_21_0&matching_block_id=163633303_231703221_0_21_0&sr_pri_blocks=163633303_231703221_0_21_0__18000&from_sustainable_property_sr=1&from=searchresults#hotelTmpl,"['Prohibido fumar en todo el alojamiento', 'Jardín', 'Menú para niños', 'Suelo de baldosa / mármol', 'Baños termales', 'Menús para dietas especiales (bajo petición)', 'Hipoalergénico', 'Ping pong', 'Caja fuerte para ordenador portátil', 'Sombrillas', 'Portugués', 'Habitaciones sin humo', 'Plancha para pantalones', 'Billar', 'Para todas las edades', 'Tumbonas/sillas de playa', 'Toallas / sábanas (por un suplemento)', 'Snack-bar', 'Parking gratis', 'Secador de pelo', 'Minibar', 'Canales vía satélite', 'Calefacción', 'Sala de juegos', 'Salas de reuniones / banquetes', 'Piscina climatizada', 'Vino / champán', 'Ascensor', 'Club infantil', 'Piscina de agua salada', 'Extintores', 'Desayuno fantástico', 'Vistas', 'Fruta', 'Restaurante', 'Buffet para niños', 'TV de pantalla plana', 'Español', 'Caja fuerte', 'Tobogán de agua', 'Masajes', 'Cochecitos de bebé', 'Detectores de humo', 'Servicio de planchado', 'Adaptado personas de movilidad reducida', 'Canales de pago', 'Servicio de lavandería', 'Vistas a un lugar de interés', 'Patio', 'Insonorización', 'Albornoz', 'Aire acondicionado', 'Servicio de habitaciones', 'Teléfono', 'Habitaciones familiares', 'Información turística', 'Abierta todo el año', 'Ducha', 'Gimnasio', 'Bar', 'Ropa de cama', 'Guardaequipaje', 'Bañera o ducha', 'Zona de juegos para niños', 'Bañera de hidromasaje / jacuzzi', 'Baño privado', 'Horario de apertura', 'Piscina con vistas', 'Personal de animación', 'Papel higiénico', '2 piscinas', 'TV', 'Inglés', 'Zona TV / salón de uso compartido', 'Artículos de aseo gratis', 'Recepción 24 horas', 'Cámaras de seguridad fuera del alojamiento', 'Parque acuático', 'Canales por cable', 'Enchufe cerca de la cama', 'WC', 'Alquiler de bicicletas', 'Solárium', 'Vistas a la piscina', 'Acceso a pisos superiores en ascensor', 'Perchero', 'Zona de juegos interior', 'Hervidor eléctrico', 'Armario', 'WiFi gratis', 'Toallas', 'Bidet', 'Servicio de limpieza diario', 'Cámaras de seguridad en las zonas comunitarias', 'Vistas al jardín', 'Servicio de despertador', 'Acceso a pisos superiores solo mediante escaleras', 'Juegos de mesa / puzles', 'Sofá', 'Escritorio', 'Fax / fotocopiadora', 'Tendedero', 'Aseo adicional', 'Estación de carga de vehículos eléctricos', 'Sauna', 'Toallas de playa/piscina']","El Salinas del Almiron Resort Termal está situado en Guichón y ofrece WiFi gratuita en todas las dependencias. El establecimiento alberga un centro de spa, una piscina al aire libre abierta durante todo el año y un restaurante. Se sirve desayunos todos los días.

Las habitaciones incluyen TV de pantalla plana y baño privado con bidet, ducha y artículos de aseo gratuitos.

El establecimiento cuenta con recepción 24 horas y tienda de regalos. Se proporciona aparcamiento privado gratuito.

Los huéspedes podrán jugar al ping pong en el establecimiento. El complejo también cuenta con bicicletas de uso gratuito"
Hotel Juana de Ibarbourou,US$64,"8,7",Fabuloso,661,https://cf.bstatic.com/xdata/images/hotel/square600/179538761.webp?k=c1704f63c06b45c04bf382598be9990043d48de7ef324391d1781e3dbc07352d&o=,https://www.booking.com/hotel/uy/juana-de-ibarbourou.es.html?aid=304142&label=gen173nr-1FCAQoggI46wdIClgEaO0BiAEBmAEKuAEXyAEM2AEB6AEB-AEDiAIBqAIDuALY1KqtBsACAdICJDMzMzQ4ZGZkLTg1NjEtNGQ1MS1iOTk1LThhZDhhNDA0MTFmM9gCBeACAQ&ucfs=1&arphpl=1&checkin=2024-01-23&checkout=2024-01-24&group_adults=1&req_adults=1&no_rooms=1&group_children=0&req_children=0&hpos=9&hapos=9&sr_order=popularity&srpvid=59cb776c9dba00cd&srepoch=1705683552&all_sr_blocks=41374307_140481481_0_1_0&highlighted_blocks=41374307_140481481_0_1_0&matching_block_id=41374307_140481481_0_1_0&sr_pri_blocks=41374307_140481481_0_1_0__6375&from_sustainable_property_sr=1&from=searchresults#hotelTmpl,"['Prohibido fumar en todo el alojamiento', 'Jardín', 'Menú para niños', 'Baños públicos', 'Alquiler de coches', 'Zona de pícnic', 'Entrada privada', 'Sombrillas', 'Portugués', 'Habitaciones sin humo', 'Música / espectáculos en directo', 'Servicio de conserjería', 'Zona de fumadores', 'Servicio de traslado', 'Acceso al salón executive', 'Cambio de moneda', 'Tumbonas/sillas de playa', 'Snack-bar', 'Cafetería en el alojamiento', 'Parking gratis', 'Secador de pelo', 'Minibar', 'Canales vía satélite', 'Camas extralargas (más de 2 metros)', 'Calefacción', 'Salas de reuniones / banquetes', 'Vino / champán', 'Toda la unidad accesible en silla de ruedas', 'Extintores', 'Fruta', 'Restaurante', 'Mosquitera', 'TV de pantalla plana', 'Español', 'Desayuno en la habitación', 'Terraza / solárium', 'Parking adaptado para personas de movilidad reducida', 'Servicio de planchado', 'Adaptado personas de movilidad reducida', 'Servicio de lavandería', 'Vistas a un lugar de interés', 'Fax', 'Patio', 'Servicio de despertador / alarma', 'Aire acondicionado', 'Zona poco profunda', 'Servicio de habitaciones', 'Teléfono', 'Habitaciones familiares', 'Abierta todo el año', 'Ducha', 'Gimnasio', 'Bar', 'Ropa de cama', 'Guardaequipaje', 'Bañera o ducha', 'Traslado aeropuerto', 'Tarjeta de acceso', 'Baño privado', 'Vistas a un patio interior', 'Piscina con vistas', 'Papel higiénico', 'Registro de entrada / salida privado', 'Baño al aire libre', 'Adecuada para niños', 'Suelo de madera o parquet', '2 piscinas', 'TV', 'Nevera', 'Desayuno fabuloso', 'Inglés', 'Zona TV / salón de uso compartido', 'Artículos de aseo gratis', 'Apoyo visual: carteles táctiles', 'Piscina infantil', 'Recepción 24 horas', 'Cámaras de seguridad fuera del alojamiento', 'Canales por cable', 'Enchufe cerca de la cama', 'WC', 'Mobiliario exterior', 'Perchero', 'Toda la unidad en la planta baja', 'Armario', 'Terraza', 'Eventos deportivos en directo (emisión)', 'Piscina pequeña', 'WiFi gratis', 'Toallas', 'Bidet', 'Servicio de limpieza diario', 'Cámaras de seguridad en las zonas comunitarias', 'Vistas al jardín', 'Servicio de despertador', 'Escritorio', 'Fax / fotocopiadora', 'Toallas de playa/piscina', 'Solo para adultos']","El Hotel Juana de Ibarbourou debe su nombre a la célebre poetisa y cuenta con jardín, restaurante y centro de fitness. El establecimiento se encuentra en Melo y ofrece habitaciones con WiFi gratuita y Smart TV. El alojamiento está situado a 3 km de la plaza de la Independencia.

Todas las habitaciones del Juana de Ibarbourou constan de suelo de parquet, paredes de ladrillo a la vista y ventanas grandes con vistas al jardín. También disponen de aire acondicionado, calefacción y baño privado.

Por las mañanas se sirve un desayuno que incluye café, leche, zumo de naranja, queso, tartas y mermeladas. Además, el restaurante La Higuera prepara platos internacionales y de la zona.

Las bebidas del bar se pueden tomar en el jardín o en la terraza.
También hay tumbonas.

El Hotel Juana de Ibarbourou se halla a 3 km del Museo Antropológico y a 10 km del aeropuerto."
Hotel Internacional,US$193,"8,0",Muy bien,768,https://cf.bstatic.com/xdata/images/hotel/square600/99957071.webp?k=4f20b639c64d753cf47e269746f506f0fa1304f753f90ddecc47ed5a932a78a9&o=,https://www.booking.com/hotel/uy/internacional.es.html?aid=304142&label=gen173nr-1FCAQoggI46wdIClgEaO0BiAEBmAEKuAEXyAEM2AEB6AEB-AEDiAIBqAIDuALY1KqtBsACAdICJDMzMzQ4ZGZkLTg1NjEtNGQ1MS1iOTk1LThhZDhhNDA0MTFmM9gCBeACAQ&ucfs=1&arphpl=1&checkin=2024-01-23&checkout=2024-01-24&group_adults=1&req_adults=1&no_rooms=1&group_children=0&req_children=0&hpos=10&hapos=10&sr_order=popularity&srpvid=59cb776c9dba00cd&srepoch=1705683552&all_sr_blocks=35921104_89167267_0_1_0&highlighted_blocks=35921104_89167267_0_1_0&matching_block_id=35921104_89167267_0_1_0&sr_pri_blocks=35921104_89167267_0_1_0__19300&from_sustainable_property_sr=1&from=searchresults#hotelTmpl,"['Prohibido fumar en todo el alojamiento', 'Jardín', 'Baños públicos', 'Menús para dietas especiales (bajo petición)', 'Proporciona factura', 'Ping pong', 'Caja fuerte para ordenador portátil', 'Portugués', 'Habitaciones sin humo', 'Plancha para pantalones', 'Centro de negocios', 'Servicio de conserjería', 'Zona de fumadores', 'Snack-bar', 'Seguridad 24 horas', 'Cafetería en el alojamiento', 'Parking gratis', 'Secador de pelo', 'Minibar', 'Canales vía satélite', 'Calefacción', 'Sala de juegos', 'Salas de reuniones / banquetes', 'Club infantil', 'Extintores', 'Vistas', 'TV de pantalla plana', 'Español', 'Desayuno en la habitación', 'Caja fuerte', 'Parking en un garaje', 'Parking adaptado para personas de movilidad reducida', 'Detectores de humo', 'Servicio de planchado', 'Canales de pago', 'Servicio de lavandería', 'Patio', 'Servicio de despertador / alarma', 'Aire acondicionado', 'Servicio de habitaciones', 'Teléfono', 'Habitaciones familiares', 'Información turística', 'Ducha', 'Gimnasio', 'Bar', 'Ropa de cama', 'Guardaequipaje', 'Bañera o ducha', 'Zona de juegos para niños', 'Tarjeta de acceso', 'Baño privado', 'Vistas a un patio interior', 'Muy buen desayuno', 'Papel higiénico', 'Registro de entrada / salida privado', 'TV', 'Nevera', 'Alarma de seguridad', 'Zona TV / salón de uso compartido', 'Artículos de aseo gratis', 'Recepción 24 horas', 'Cámaras de seguridad fuera del alojamiento', 'Enchufe cerca de la cama', 'WC', 'Mobiliario exterior', 'Perchero', 'Zona de juegos interior', 'Armario', 'WiFi gratis', 'Toallas', 'Bidet', 'Servicio de limpieza diario', 'Cámaras de seguridad en las zonas comunitarias', 'Servicio de despertador', 'Sofá', 'Fax / fotocopiadora', 'Tendedero']","El Hotel Internacional está situado en la avenida Brasil de Chuy, en la frontera entre Uruguay y Brasil. Sirve un desayuno bufé incluido todos los días y ofrece habitaciones con conexión Wi-Fi gratuita y TV de plasma.

Las habitaciones del Internacional Hotel están decoradas con suelo de baldosa y disponen de calefacción y minibar. Todas las habitaciones y apartamentos tienen aire acondicionado.

Además, este hotel cuenta con patio con jardín y parque infantil y ofrece servicio de café. A pocos pasos hay tiendas libres de impuestos.

El Hotel Internacional ofrece aparcamiento gratuito y se encuentra a 35 km de la fortaleza de Santa Teresa, a 9 km de la playa de Ocean y a 230 km de Punta del Este."
La Araucana,US$53,"8,8",Fabuloso,99,https://cf.bstatic.com/xdata/images/hotel/square600/157275054.webp?k=13a13047cf7ee7972a49171e685681b84cfedda1250a0980c66aa5250ff13b07&o=,https://www.booking.com/hotel/uy/la-araucana.es.html?aid=304142&label=gen173nr-1FCAQoggI46wdIClgEaO0BiAEBmAEKuAEXyAEM2AEB6AEB-AEDiAIBqAIDuALY1KqtBsACAdICJDMzMzQ4ZGZkLTg1NjEtNGQ1MS1iOTk1LThhZDhhNDA0MTFmM9gCBeACAQ&ucfs=1&arphpl=1&checkin=2024-01-23&checkout=2024-01-24&group_adults=1&req_adults=1&no_rooms=1&group_children=0&req_children=0&hpos=11&hapos=11&sr_order=popularity&srpvid=59cb776c9dba00cd&srepoch=1705683552&all_sr_blocks=282254901_125122264_1_0_0&highlighted_blocks=282254901_125122264_1_0_0&matching_block_id=282254901_125122264_1_0_0&sr_pri_blocks=282254901_125122264_1_0_0__5300&from=searchresults#hotelTmpl,"['Habitaciones sin humo', 'Papel higiénico', 'Hervidor eléctrico', 'WiFi gratis', 'Calefacción', 'Extintores', 'Habitaciones familiares', 'Tendedero', 'Español', 'Baño privado', 'Jardín', 'Ventilador', 'Vistas', 'Parking gratis', 'Aire acondicionado', 'Mosquitera', 'Chimenea', 'TV de pantalla plana']","La Araucana se encuentra en Tacuarembó y ofrece alojamiento con wifi gratis, aire acondicionado y acceso a un jardín.

Algunas unidades también tienen una cocina americana equipada con nevera y microondas."
Bali Hotel Boutique,US$79,"8,6",Fabuloso,219,https://cf.bstatic.com/xdata/images/hotel/square600/38859427.webp?k=32d202ea14b217f69217407486c4853f53ea6793392ec6cc021b6f50db05ff40&o=,https://www.booking.com/hotel/uy/bali-san-gregorio-de-polanco.es.html?aid=304142&label=gen173nr-1FCAQoggI46wdIClgEaO0BiAEBmAEKuAEXyAEM2AEB6AEB-AEDiAIBqAIDuALY1KqtBsACAdICJDMzMzQ4ZGZkLTg1NjEtNGQ1MS1iOTk1LThhZDhhNDA0MTFmM9gCBeACAQ&ucfs=1&arphpl=1&checkin=2024-01-23&checkout=2024-01-24&group_adults=1&req_adults=1&no_rooms=1&group_children=0&req_children=0&hpos=12&hapos=12&sr_order=popularity&srpvid=59cb776c9dba00cd&srepoch=1705683552&all_sr_blocks=123806402_137115934_2_1_0&highlighted_blocks=123806402_137115934_2_1_0&matching_block_id=123806402_137115934_2_1_0&sr_pri_blocks=123806402_137115934_2_1_0__7900&from_sustainable_property_sr=1&from=searchresults#hotelTmpl,"['Prohibido fumar en todo el alojamiento', 'Canales por cable', 'Calefacción', 'Información turística', 'Buen desayuno', 'Abierta todo el año', 'Piscina climatizada', 'Ducha', 'Jardín', 'Vino / champán', 'Mobiliario exterior', 'Solárium', 'Bar', 'Guardaequipaje', 'Ropa de cama', 'Perchero', 'Extintores', 'Baño privado', 'Vistas', 'Fruta', 'TV de pantalla plana', 'Piscina al aire libre', 'Habitaciones sin humo', 'Papel higiénico', 'WiFi gratis', 'Servicio de conserjería', 'Toallas', 'Servicio de limpieza diario', 'Galerías de arte temporales', 'Cámaras de seguridad en las zonas comunitarias', 'Español', 'Productos de limpieza', 'Terraza / solárium', 'Inglés', 'Artículos de aseo gratis', 'Toallas / sábanas (por un suplemento)', 'Cafetería en el alojamiento', 'Aire acondicionado', 'Secador de pelo', 'Servicio de habitaciones', 'Solo para adultos']","El Bali Hotel Boutique está situado en San Gregorio de Polanco y ofrece alojamiento, una piscina al aire libre y un centro de fitness. Además, proporciona conexión WiFi gratuita y un desayuno continental diario.

Todas las habitaciones del Bali Hotel Boutique están decoradas en un estilo indonesio y gozan de bonitas vistas al jardín y a la piscina. Cuentan con baño completo, TV de pantalla plana, minibar y aire acondicionado. Además, algunas están equipadas con bañera de hidromasaje y suelo de baldosa.

El establecimiento alberga una bañera de hidromasaje, una zona de barbacoa y un bar. Además, ofrece bicicletas gratuitas, consigna de equipaje y un servicio de traslado, disponible por un suplemento.

El establecimiento se encuentra a 500 metros del río Negro y facilita aparcamiento gratuito bajo petición."
Arapey Thermal All Inclusive Resort & Spa,US$300,"8,9",Fabuloso,1.001,https://cf.bstatic.com/xdata/images/hotel/square600/61383221.webp?k=6639f12b82effd222222887f962dd848d244b76cefa8a15d32c7b2154d82567e&o=,https://www.booking.com/hotel/uy/arapey-thermal-resort.es.html?aid=304142&label=gen173nr-1FCAQoggI46wdIClgEaO0BiAEBmAEKuAEXyAEM2AEB6AEB-AEDiAIBqAIDuALY1KqtBsACAdICJDMzMzQ4ZGZkLTg1NjEtNGQ1MS1iOTk1LThhZDhhNDA0MTFmM9gCBeACAQ&ucfs=1&arphpl=1&checkin=2024-01-23&checkout=2024-01-24&group_adults=1&req_adults=1&no_rooms=1&group_children=0&req_children=0&hpos=13&hapos=13&sr_order=popularity&srpvid=59cb776c9dba00cd&srepoch=1705683552&all_sr_blocks=31582504_332477452_2_85_0&highlighted_blocks=31582504_332477452_2_85_0&matching_block_id=31582504_332477452_2_85_0&sr_pri_blocks=31582504_332477452_2_85_0__30000&from_sustainable_property_sr=1&from=searchresults#hotelTmpl,"['Hammam', 'Prohibido fumar en todo el alojamiento', 'Cubierta para piscina', 'Pediluvio', 'Jardín', 'Menú para niños', 'Baños termales', 'Vistas al lago', 'Alquiler de coches', 'Tratamientos corporales', 'Menús para dietas especiales (bajo petición)', 'Proporciona factura', 'Zona de pícnic', 'Hipoalergénico', 'Ping pong', 'Caja fuerte para ordenador portátil', 'Sombrillas', 'Portugués', 'Habitaciones sin humo', 'Plancha para pantalones', 'Centro de negocios', 'Música / espectáculos en directo', 'Servicio de conserjería', 'Habitaciones hipoalergénicas', 'Zona de fumadores', 'Suelo de moqueta', 'Billar', 'Habitaciones insonorizadas', 'Zona de spa / relajación', 'Acceso al salón executive', 'Exfoliación corporal', 'Para todas las edades', 'Barbacoa', 'Dardos', 'Tumbonas/sillas de playa', 'Snack-bar', 'Seguridad 24 horas', 'Cafetería en el alojamiento', 'Pesca', 'Parking gratis', 'Zona de estar', 'Tours en bici', 'Secador de pelo', 'Minibar', 'Instalaciones para deportes acuáticos en el alojamiento', 'Protector de enchufes para niños', 'Canales vía satélite', 'Calefacción', 'Sala de juegos', 'Salas de reuniones / banquetes', 'Servicios de depilación', 'Piscina climatizada', 'Vino / champán', 'Tours a pie', 'Ascensor', 'Manicura', 'Servicios de maquillaje', 'Cenas temáticas', 'Club infantil', 'Toda la unidad accesible en silla de ruedas', 'Extintores', 'Desayuno fantástico', 'Registro de entrada y salida exprés', 'Vistas', 'Fruta', 'Restaurante', 'Buffet para niños', 'TV de pantalla plana', 'Habitaciones comunicadas disponibles', 'Español', '3 piscinas', 'Clases de fitness', 'Tratamientos capilares', 'Caja fuerte', 'Bar en la piscina', 'Terraza / solárium', 'Masajes', 'Canguro / servicios para niños', 'Parking adaptado para personas de movilidad reducida', 'Detectores de humo', 'Servicio de planchado', 'Adaptado personas de movilidad reducida', 'Terapia con luz', 'Servicio de lavandería', 'Vistas a un lugar de interés', 'Insonorización', 'Albornoz', 'Barandillas protectoras para bebés', 'Servicio de despertador / alarma', 'Aire acondicionado', 'Tiro con arco', 'Zona poco profunda', 'Reloj despertador', 'Teléfono', 'Piscina infinita', 'Habitaciones familiares', 'Información turística', 'Abierta todo el año', 'Ducha', 'Gimnasio', 'Bar', 'Ropa de cama', 'Guardaequipaje', 'Bañera o ducha', 'Zona de juegos para niños', 'Paquetes de spa / bienestar', 'Aeróbic', 'Tarjeta de acceso', 'Senderismo', 'Baño privado', 'Horario de apertura', 'Noches de cine', 'Piscina con vistas', 'Personal de animación', 'Papel higiénico', 'Corte de pelo', 'Registro de entrada / salida privado', 'Peinado', 'Clases de cocina', 'Juguetes para la piscina', 'TV', 'Inglés', 'Equipamiento de juegos para exterior', 'Alarma de seguridad', 'Servicio de limpieza en seco', 'Servicios de belleza', 'Silla de masajes', 'Zona TV / salón de uso compartido', 'Tour o clase sobre cultura local', 'Bingo', 'Artículos de aseo gratis', 'Piscina infantil', 'Taquillas', 'Entrenador personal', 'Recepción 24 horas', 'Cámaras de seguridad fuera del alojamiento', 'Karaoke', 'Pedicura', 'Canales por cable', 'Enchufe cerca de la cama', 'WC', 'Alquiler de bicicletas', 'Taquillas en el gimnasio / spa', 'Solárium', 'Mobiliario exterior', 'Equipamiento de tenis', 'Minigolf', 'Happy hour', 'Perchero', 'Servicio de aparcacoches', 'Zona de juegos interior', 'Acceso a pisos superiores en ascensor', 'Tinte', 'Clases de yoga', 'Armario', 'Instalaciones de spa', 'Ciclismo', 'Pista de tenis', 'Tratamientos faciales', 'Terraza', 'Eventos deportivos en directo (emisión)', 'WiFi gratis', 'Campo de golf (a menos de 3 km)', 'Toallas', 'Bidet', 'Servicio de limpieza diario', 'Cámaras de seguridad en las zonas comunitarias', 'Vistas al jardín', 'Envoltura corporal', 'Servicio de despertador', 'Juegos de mesa / puzles', 'Escritorio', 'Fax / fotocopiadora', 'Baño de vapor', 'Bañera', 'Radio', 'Sauna', 'Toallas de playa/piscina', 'Spa y centro de bienestar', 'Entretenimiento nocturno']","Este complejo termal de tipo todo incluido tiene piscinas termales cubiertas y al aire libre y un spa con sauna y servicio de masajes. También cuenta con un jardín y una terraza. Está a 80 km de Salto.

Las habitaciones del Arapey Thermal Resort & Spa ofrecen vistas al jardín. Disponen de TV de plasma y una zona de estar amplia con ventanas grandes.

Por las mañanas se sirve un desayuno bufé. Además, los cócteles del bar se pueden disfrutar en la terraza.

Al lado de la piscina hay tumbonas. En el establecimiento también hay una sala de juegos. El club infantil ofrece actividades divertidas y creativas para niños. También hay una pista de tenis y una sala con varias consolas Wii. A 3 km del Arapey Thermal hay un campo de golf.

El aeropuerto de Carrasco está a 496 km. Buenos Aires se encuentra a 513 km del establecimiento."
Gran Hotel Fray Bentos,US$85,"8,1",Muy bien,360,https://cf.bstatic.com/xdata/images/hotel/square600/129625030.webp?k=741167dabacedd859017c5bb6b910633dba8e960391b762f8da3b0619d12867a&o=,https://www.booking.com/hotel/uy/gran-fray-bentos.es.html?aid=304142&label=gen173nr-1FCAQoggI46wdIClgEaO0BiAEBmAEKuAEXyAEM2AEB6AEB-AEDiAIBqAIDuALY1KqtBsACAdICJDMzMzQ4ZGZkLTg1NjEtNGQ1MS1iOTk1LThhZDhhNDA0MTFmM9gCBeACAQ&ucfs=1&arphpl=1&checkin=2024-01-23&checkout=2024-01-24&group_adults=1&req_adults=1&no_rooms=1&group_children=0&req_children=0&hpos=14&hapos=14&sr_order=popularity&srpvid=59cb776c9dba00cd&srepoch=1705683552&all_sr_blocks=31582001_89161242_0_1_0&highlighted_blocks=31582001_89161242_0_1_0&matching_block_id=31582001_89161242_0_1_0&sr_pri_blocks=31582001_89161242_0_1_0__8505&from_sustainable_property_sr=1&from=searchresults#hotelTmpl,"['Recepción 24 horas', 'Teléfono', 'Secador de pelo', 'Enchufe cerca de la cama', 'Sala de juegos', 'Canales por cable', 'Salas de reuniones / banquetes', 'Habitaciones familiares', 'Desayuno', 'Información turística', 'Ducha', 'Jardín', 'Mobiliario exterior', 'Gimnasio', 'Guardaequipaje', 'Zona de juegos interior', 'Bañera o ducha', 'Zona de juegos para niños', 'Extintores', 'Baño privado', 'Armario', 'Sombrillas', 'Plancha para ropa', 'TV de pantalla plana', 'Piscina al aire libre', 'Papel higiénico', 'WiFi gratis', 'Toallas', 'Bidet', 'Galerías de arte temporales', 'Cámaras de seguridad en las zonas comunitarias', 'Billar', 'Suelo de moqueta', 'De temporada', 'Español', 'Servicio de despertador', 'Llave de acceso', 'Acceso a pisos superiores solo mediante escaleras', 'Caja fuerte', 'Escritorio', 'TV', 'Detectores de humo', 'Zona TV / salón de uso compartido', 'Servicio de lavandería', 'Tumbonas/sillas de playa', 'Sauna', 'Servicio de despertador / alarma', 'Aire acondicionado', 'Zona poco profunda', 'Reloj despertador', 'Minibar']","El Gran Hotel Fray Bentos ofrece piscina y centro de fitness frente al paseo marítimo. Dispone de conexión Wi-Fi gratuita y de restaurante a 8 km de la playa de Las Cañas.

Las habitaciones del Hotel Fray Bentos cuentan con TV por cable, escritorio y conexión a internet por cable. Algunas tienen balcón y terraza privados con vistas a la costa.

Todos los días se sirve el desayuno.

El establecimiento ofrece piscina con tumbonas, jardín y centro de fitness con sauna finlandesa y gimnasio.

El establecimiento alberga una sala de conferencias y está a 10 minutos en coche del puente de Fray Bentos."
Hotel Crown,US$71,"8,4",Muy bien,471,https://cf.bstatic.com/xdata/images/hotel/square600/150058597.webp?k=6e968e942a7bf6e67869345739d8b78cc809a6d456fc13d3624861a246acf76e&o=,https://www.booking.com/hotel/uy/crown.es.html?aid=304142&label=gen173nr-1FCAQoggI46wdIClgEaO0BiAEBmAEKuAEXyAEM2AEB6AEB-AEDiAIBqAIDuALY1KqtBsACAdICJDMzMzQ4ZGZkLTg1NjEtNGQ1MS1iOTk1LThhZDhhNDA0MTFmM9gCBeACAQ&ucfs=1&arphpl=1&checkin=2024-01-23&checkout=2024-01-24&group_adults=1&req_adults=1&no_rooms=1&group_children=0&req_children=0&hpos=15&hapos=15&sr_order=popularity&srpvid=59cb776c9dba00cd&srepoch=1705683552&all_sr_blocks=367074302_338903187_1_1_0&highlighted_blocks=367074302_338903187_1_1_0&matching_block_id=367074302_338903187_1_1_0&sr_pri_blocks=367074302_338903187_1_1_0__7140&from_sustainable_property_sr=1&from=searchresults#hotelTmpl,"['Recepción 24 horas', 'Cámaras de seguridad fuera del alojamiento', 'Teléfono', 'Prohibido fumar en todo el alojamiento', 'Canales por cable', 'Enchufe cerca de la cama', 'Calefacción', 'Salas de reuniones / banquetes', 'WC', 'Habitaciones familiares', 'Información turística', 'Cafetería en el alojamiento', 'Ducha', 'Menú para niños', 'Mobiliario exterior', 'Guardaequipaje', 'Ropa de cama', 'Perchero', 'Bañera o ducha', 'Traslado aeropuerto', 'Proporciona factura', 'Extintores', 'Baño privado', 'Armario', 'Fruta', 'Portugués', 'Muy buen desayuno', 'TV de pantalla plana', 'Habitaciones sin humo', 'Terraza', 'Papel higiénico', 'Plancha para pantalones', 'Centro de negocios', 'WiFi gratis', 'Toallas', 'Bidet', 'Servicio de limpieza diario', 'Cámaras de seguridad en las zonas comunitarias', 'Zona de fumadores', 'Español', 'Llave de acceso', 'Servicio de despertador', 'Parking en la calle', 'Acceso a pisos superiores solo mediante escaleras', 'Minibar', 'Juegos de mesa / puzles', 'TV', 'Terraza / solárium', 'Detectores de humo', 'Fax / fotocopiadora', 'Servicio de planchado', 'Zona TV / salón de uso compartido', 'Servicio de lavandería', 'Artículos de aseo gratis', 'Snack-bar', 'Parking gratis', 'Aire acondicionado', 'Servicio de habitaciones']","Hotel Crown está en Melo y ofrece terraza. Este hotel de 3 estrellas ofrece salón de uso común y habitaciones con aire acondicionado, wifi gratis y baño privado. El alojamiento dispone de servicio de habitaciones, recepción 24 horas y servicio de organización de tours.

En el hotel, las habitaciones disponen de armario y TV de pantalla plana, y algunas también ofrecen balcón. En Hotel Crown, todas las habitaciones incluyen ropa de cama y toallas."
Hosteria Fortin de San Miguel,US$65,"8,1",Muy bien,299,https://cf.bstatic.com/xdata/images/hotel/square600/285182390.webp?k=c6ac0824f1c9c7b7b002eb6eeed49e929955120eea67ea074294131cb6741218&o=,https://www.booking.com/hotel/uy/hosteria-fortin-de-san-miguel.es.html?aid=304142&label=gen173nr-1FCAQoggI46wdIClgEaO0BiAEBmAEKuAEXyAEM2AEB6AEB-AEDiAIBqAIDuALY1KqtBsACAdICJDMzMzQ4ZGZkLTg1NjEtNGQ1MS1iOTk1LThhZDhhNDA0MTFmM9gCBeACAQ&ucfs=1&arphpl=1&checkin=2024-01-23&checkout=2024-01-24&group_adults=1&req_adults=1&no_rooms=1&group_children=0&req_children=0&hpos=16&hapos=16&sr_order=popularity&srpvid=59cb776c9dba00cd&srepoch=1705683552&all_sr_blocks=151898701_201537153_1_1_0&highlighted_blocks=151898701_201537153_1_1_0&matching_block_id=151898701_201537153_1_1_0&sr_pri_blocks=151898701_201537153_1_1_0__6500&from=searchresults#hotelTmpl,"['Equitación', 'Jardín', 'Menú para niños', 'Suelo de baldosa / mármol', 'Baños públicos', 'Menús para dietas especiales (bajo petición)', 'Proporciona factura', 'Zona de pícnic', 'Entrada privada', 'Portugués', 'Habitaciones sin humo', 'Zona de fumadores', 'Para todas las edades', 'Barbacoa', 'Tumbonas/sillas de playa', 'Snack-bar', 'Seguridad 24 horas', 'Cafetería en el alojamiento', 'Parking gratis', 'Secador de pelo', 'Calefacción', 'Salas de reuniones / banquetes', 'Vino / champán', 'Zona de comedor exterior', 'Extintores', 'Vistas', 'Fruta', 'Restaurante', 'Mosquitera', 'TV de pantalla plana', 'Español', 'Desayuno en la habitación', 'Ventilador', 'Caja fuerte', 'Masajes', 'Servicio de planchado', 'Servicio de lavandería', 'Patio', 'Aire acondicionado', 'Zona poco profunda', 'Servicio de habitaciones', 'Habitaciones familiares', 'Buen desayuno', 'Abierta todo el año', 'Ducha', 'Bar', 'Ropa de cama', 'Bañera o ducha', 'Senderismo', 'Baño privado', 'Vistas a un patio interior', 'Piscina con vistas', 'Piscina al aire libre', 'Papel higiénico', 'Llave de acceso', 'TV', 'Servicios de belleza', 'Artículos de aseo gratis', 'Recepción 24 horas', 'Canales por cable', 'Enchufe cerca de la cama', 'WC', 'Vistas a la piscina', 'Mobiliario exterior', 'Perchero', 'Armario', 'Piscina pequeña', 'WiFi gratis', 'Toallas', 'Bidet', 'Servicio de limpieza diario', 'Vistas al jardín', 'Almuerzos para llevar', 'Juegos de mesa / puzles', 'Escritorio', 'Vistas a la montaña', 'Fax / fotocopiadora', 'Radio', 'Toallas de playa/piscina']","Hosteria Fortin de San Miguel se encuentra en Chuy y dispone de jardín, restaurante, bar y wifi gratis. El alojamiento ofrece servicio de habitaciones y recepción 24 horas.

En la posada u hostería, todas las habitaciones disponen de aire acondicionado, escritorio, patio con vistas a la montaña, baño privado, TV de pantalla plana, ropa de cama y toallas. Todas las unidades disponen de caja fuerte.

La clientela puede practicar actividades en Chuy y alrededores, como senderismo."
Rivera Casino & Resort,US$109,"8,7",Fabuloso,1.374,https://cf.bstatic.com/xdata/images/hotel/square600/283758088.webp?k=f72e841dfe7c50a673daf464a13dd43245d8652d2687310217468000293b9c37&o=,https://www.booking.com/hotel/uy/rivera-casino-amp-resort-rivera.es.html?aid=304142&label=gen173nr-1FCAQoggI46wdIClgEaO0BiAEBmAEKuAEXyAEM2AEB6AEB-AEDiAIBqAIDuALY1KqtBsACAdICJDMzMzQ4ZGZkLTg1NjEtNGQ1MS1iOTk1LThhZDhhNDA0MTFmM9gCBeACAQ&ucfs=1&arphpl=1&checkin=2024-01-23&checkout=2024-01-24&group_adults=1&req_adults=1&no_rooms=1&group_children=0&req_children=0&hpos=17&hapos=17&sr_order=popularity&srpvid=59cb776c9dba00cd&srepoch=1705683552&all_sr_blocks=100703701_349393041_1_1_0&highlighted_blocks=100703701_349393041_1_1_0&matching_block_id=100703701_349393041_1_1_0&sr_pri_blocks=100703701_349393041_1_1_0__10900&from_sustainable_property_sr=1&from=searchresults#hotelTmpl,"['Prohibido fumar en todo el alojamiento', 'Menú para niños', 'Menús para dietas especiales (bajo petición)', 'Sombrillas', 'Portugués', 'Habitaciones sin humo', 'Plancha para pantalones', 'Música / espectáculos en directo', 'Servicio de conserjería', 'Zona de spa / relajación', 'Piscina en la azotea', 'Para todas las edades', 'Tumbonas/sillas de playa', 'Seguridad 24 horas', 'Cafetería en el alojamiento', 'Parking gratis', 'Secador de pelo', 'Calefacción', 'Salas de reuniones / banquetes', 'Piscina climatizada', 'Vino / champán', 'Ascensor', 'Extintores', 'WC con barras de apoyo', 'Registro de entrada y salida exprés', 'Apoyo visual: braille', 'Fruta', 'Restaurante', 'Buffet para niños', 'TV de pantalla plana', 'Español', 'Clases de fitness', 'Caja fuerte', 'Servicio de entrega de comestibles', 'Terraza / solárium', 'Masajes', 'Parking en un garaje', 'Detectores de humo', 'Servicio de planchado', 'Adaptado personas de movilidad reducida', 'Servicio de lavandería', 'Aire acondicionado', 'Zona poco profunda', 'Servicio de habitaciones', 'Teléfono', 'Casino', 'Información turística', 'Habitaciones familiares', 'Abierta todo el año', 'Ducha', 'Gimnasio', 'Bar', 'Ropa de cama', 'Guardaequipaje', 'Bañera o ducha', 'Tarjeta de acceso', 'Adaptado para sillas de ruedas', 'Baño privado', 'Piscina con vistas', 'Muy buen desayuno', 'Papel higiénico', 'WC elevado', 'Llave de acceso', '2 piscinas', 'TV', 'Alarma de seguridad', 'Artículos de aseo gratis', 'Taquillas', 'Recepción 24 horas', 'Cámaras de seguridad fuera del alojamiento', 'Canales por cable', 'WC', 'Taquillas en el gimnasio / spa', 'Solárium', 'Happy hour', 'Perchero', 'Armario', 'Instalaciones de spa', 'Piscina pequeña', 'WiFi gratis', 'Toallas', 'Servicio de limpieza diario', 'Cámaras de seguridad en las zonas comunitarias', 'De temporada', 'Escritorio', 'Fax / fotocopiadora', 'Baño de vapor', 'Sauna', 'Toallas de playa/piscina', 'Spa y centro de bienestar']","El Rivera Casino & Resort ofrece alojamiento de lujo con WiFi gratuita, sauna, centro de fitness y una piscina al aire libre y otra cubierta. El complejo se encuentra junto a la frontera brasileña, a solo 20 metros de la ciudad de Santana do Livramento.

Las habitaciones del Rivera Casino & Resort presentan una decoración moderna y elegante y cuentan con TV de pantalla plana con canales por cable, minibar, aire acondicionado y Además, incluyen baño con secador de pelo y artículos de aseo gratuitos. Algunas habitaciones incluyen balcón con vistas a la ciudad.

El hotel Rivera Casino & Resort alberga un bar y un restaurante que sirve platos a la carta. Además, ofrece servicio de masajes, servicio de habitaciones, entrega de comestibles, servicio de lavandería y consigna de equipaje.

El Wine Bar está ubicado en el Lobby, justo al lado del restaurante principal Gaucho.

El complejo también cuenta con solárium, salas de reuniones Se facilita aparcamiento gratuito.

El establecimiento se encuentra a 150 metros de la calle principal de Los Comercios y de la playa de La Internacional. Asimismo, está a 11 km del aeropuerto de Rivera."
Casa Buganvilla,US$60,"9,9",Excepcional,11,https://cf.bstatic.com/xdata/images/hotel/square600/508179103.webp?k=8e9e2ef60b1ad185b8f3f81062863e098e9f9158b43056ebc15e595b96822648&o=,https://www.booking.com/hotel/uy/casa-buganvilla-barra-de-valizas.es.html?aid=304142&label=gen173nr-1FCAQoggI46wdIClgEaO0BiAEBmAEKuAEXyAEM2AEB6AEB-AEDiAIBqAIDuALY1KqtBsACAdICJDMzMzQ4ZGZkLTg1NjEtNGQ1MS1iOTk1LThhZDhhNDA0MTFmM9gCBeACAQ&ucfs=1&arphpl=1&checkin=2024-01-23&checkout=2024-01-24&group_adults=1&req_adults=1&no_rooms=1&group_children=0&req_children=0&hpos=18&hapos=18&sr_order=popularity&srpvid=59cb776c9dba00cd&srepoch=1705683552&all_sr_blocks=886683704_384134563_2_1_0&highlighted_blocks=886683704_384134563_2_1_0&matching_block_id=886683704_384134563_2_1_0&sr_pri_blocks=886683704_384134563_2_1_0__6000&from_sustainable_property_sr=1&from=searchresults#hotelTmpl,"['Cámaras de seguridad fuera del alojamiento', 'Calefacción', 'Enchufe cerca de la cama', 'Horno', 'WC', 'Información turística', 'Desayuno', 'Utensilios de cocina', 'Equitación', 'Ducha', 'Jardín', 'Mobiliario exterior', 'Guardaequipaje', 'Ropa de cama', 'Fogones', 'Bañera o ducha', 'Perchero', 'Cenas temáticas', 'Zona de comedor exterior', 'Zona de juegos interior', 'Zona de pícnic', 'Extintores', 'Chimenea exterior', 'Vistas a un patio interior', 'Registro de entrada y salida exprés', 'Entrada privada', 'Vistas', 'Tetera / cafetera', 'Mosquitera', 'Portugués', 'Habitaciones sin humo', 'Papel higiénico', 'Registro de entrada / salida privado', 'Servicio de limpieza diario', 'Tetera/cafetera en todas las habitaciones', 'Zona de comedor', 'Zona de fumadores', 'Español', 'Cafetera', 'Aseo compartido', 'Vistas al jardín', 'Cocina', 'Boles para mascotas', 'Llave de acceso', 'Servicio de despertador', 'Ventilador', 'Microondas', 'Juegos de mesa / puzles', 'Mesa de comedor', 'Tobogán de agua', 'Parking en un garaje', 'Baño compartido', 'Nevera', 'Inglés', 'Servicio de planchado', 'Barbacoa', 'Tendedero', 'Utensilios de planchado', 'Cocina compartida', 'Servicio de lavandería', 'Patio', 'Parking gratis', 'Zona de estar']","Casa Buganvilla está a 8 min a pie de Playa Barra de Valizas y ofrece alojamiento conjardín, zona de barbacoa y cocina compartida.

Todas las unidades están equipadas con patio con vistas al jardín, cocina con nevera y horno, y baño compartido con ducha. También hay microondas, fogones y cafetera.

En el bed and breakfast se puede disfrutar de un desayuno continental.

El aeropuerto (Aeropuerto Capitan de Corbeta Carlos A. Curbelo) está a 176 km."
Pinos de la Quebrada,US$100,"9,3",Fantástico,73,https://cf.bstatic.com/xdata/images/hotel/square600/79551362.webp?k=f874e952604e15b01a4816faff0776dfcd94dfbd2986183909127648c84ac1bf&o=,https://www.booking.com/hotel/uy/estancia-pinos-de-la-quebrada.es.html?aid=304142&label=gen173nr-1FCAQoggI46wdIClgEaO0BiAEBmAEKuAEXyAEM2AEB6AEB-AEDiAIBqAIDuALY1KqtBsACAdICJDMzMzQ4ZGZkLTg1NjEtNGQ1MS1iOTk1LThhZDhhNDA0MTFmM9gCBeACAQ&ucfs=1&arphpl=1&checkin=2024-01-23&checkout=2024-01-24&group_adults=1&req_adults=1&no_rooms=1&group_children=0&req_children=0&hpos=19&hapos=19&sr_order=popularity&srpvid=59cb776c9dba00cd&srepoch=1705683552&all_sr_blocks=105228506_371922386_2_1_0&highlighted_blocks=105228506_371922386_2_1_0&matching_block_id=105228506_371922386_2_1_0&sr_pri_blocks=105228506_371922386_2_1_0__10000&from=searchresults#hotelTmpl,"['Sala de juegos', 'Equitación', 'Jardín', 'Vino / champán', 'Tours a pie', 'Mobiliario exterior', 'Bar', 'Menús para dietas especiales (bajo petición)', 'Senderismo', 'Chimenea exterior', 'Desayuno fantástico', 'Ping pong', 'Fruta', 'Restaurante', 'Portugués', 'Piscina al aire libre', 'Habitaciones sin humo', 'De temporada', 'Español', 'Piragüismo', 'Inglés', 'Barbacoa', 'Zona TV / salón de uso compartido', 'Tour o clase sobre cultura local', 'Dardos', 'Tumbonas/sillas de playa', 'Toallas de playa/piscina', 'Pesca', 'Aire acondicionado']","La Pinos de la Quebrada está situada en Treinta y Tres y cuenta con piscina al aire libre y jardín. El establecimiento dispone de conexión Wi-Fi gratuita, aparcamiento gratuito y zona de barbacoa.

Las habitaciones de la Pinos de la Quebrada presentan un mobiliario cómodo y están equipadas con aire acondicionado y baño privado. Algunas de ellas también cuenta con zona de estar, sofá y balcón. Las toallas y la ropa de cama están incluidas.

La Pinos de la Quebrada también alberga una zona de estar común, una biblioteca, una capilla y una sala de juegos. Se pueden practicar varias actividades en los alrededores, como equitación y senderismo.

Este lodge se encuentra a 13 km de la Quebrada de los Cuervos, a 30 km del río Olimar y a 80 km de Yaguarón (Brasil)."
Nuevo Hotel,US$48,"7,1",Bien,1.631,https://cf.bstatic.com/xdata/images/hotel/square600/296250013.webp?k=a2ed9ce210d3158fd557f0b529464dd1aab48c22d78b832ad66232cb739690ae&o=,https://www.booking.com/hotel/uy/nuevo.es.html?aid=304142&label=gen173nr-1FCAQoggI46wdIClgEaO0BiAEBmAEKuAEXyAEM2AEB6AEB-AEDiAIBqAIDuALY1KqtBsACAdICJDMzMzQ4ZGZkLTg1NjEtNGQ1MS1iOTk1LThhZDhhNDA0MTFmM9gCBeACAQ&ucfs=1&arphpl=1&checkin=2024-01-23&checkout=2024-01-24&group_adults=1&req_adults=1&no_rooms=1&group_children=0&req_children=0&hpos=20&hapos=20&sr_order=popularity&srpvid=59cb776c9dba00cd&srepoch=1705683552&all_sr_blocks=305790813_326453123_1_1_0&highlighted_blocks=305790813_326453123_1_1_0&matching_block_id=305790813_326453123_1_1_0&sr_pri_blocks=305790813_326453123_1_1_0__4750&from_sustainable_property_sr=1&from=searchresults#hotelTmpl,"['Recepción 24 horas', 'Parque acuático', 'Teléfono', 'Canales por cable', 'Sala de juegos', 'Salas de reuniones / banquetes', 'WC', 'Habitaciones familiares', 'Ducha', 'Menú para niños', 'Ascensor', 'Guardaequipaje', 'Servicio de aparcacoches', 'Perchero', 'Ropa de cama', 'Club infantil', 'Bañera o ducha', 'Acceso a pisos superiores en ascensor', 'Parking privado', 'Baño privado', 'Armario', 'Restaurante', 'Portugués', 'Muy buen desayuno', 'TV de pantalla plana', 'Habitaciones sin humo', 'Papel higiénico', 'WiFi gratis', 'Toallas', 'Servicio de limpieza diario', 'Español', 'Servicio de despertador', 'Minibar', 'Suelo de madera o parquet', 'TV', 'Servicio de entrega de comestibles', 'Servicio de planchado', 'Servicio de lavandería', 'Artículos de aseo gratis', 'Aire acondicionado', 'Servicio de habitaciones']","Nuevo Hotel es un alojamiento de 3 estrellas que está en Rivera. Este alojamiento ofrece restaurante, club infantil y servicio de habitaciones, además de wifi gratisen todo el alojamiento. Hay parking privado en el propio alojamiento.

En el hotel, las habitaciones cuentan con armario, TV de pantalla plana, baño privado, ropa de cama y toallas. Las unidades cuentan con minibar.

El personal de la recepción 24 horas habla español y portugués, y siempre está dispuesto a echar una mano.

Estadio Atilio Paiva Olivera está a 1,7 km del alojamiento."
Casa Agni,US$26,"8,4",Muy bien,18,https://cf.bstatic.com/xdata/images/hotel/square600/457956479.webp?k=ac9c218667ab60cdde0bb8158e96e9a0bf25dc7ed336329c9f7297a8293c764b&o=,https://www.booking.com/hotel/uy/casa-armonia.es.html?aid=304142&label=gen173nr-1FCAQoggI46wdIClgEaO0BiAEBmAEKuAEXyAEM2AEB6AEB-AEDiAIBqAIDuALY1KqtBsACAdICJDMzMzQ4ZGZkLTg1NjEtNGQ1MS1iOTk1LThhZDhhNDA0MTFmM9gCBeACAQ&ucfs=1&arphpl=1&checkin=2024-01-23&checkout=2024-01-24&group_adults=1&req_adults=1&no_rooms=1&group_children=0&req_children=0&hpos=21&hapos=21&sr_order=popularity&srpvid=59cb776c9dba00cd&srepoch=1705683552&all_sr_blocks=962422403_368842652_2_0_0&highlighted_blocks=962422403_368842652_2_0_0&matching_block_id=962422403_368842652_2_0_0&sr_pri_blocks=962422403_368842652_2_0_0__2600&from=searchresults#hotelTmpl,"['Prohibido fumar en todo el alojamiento', 'Calefacción', 'Masaje de cabeza', 'Paquetes de spa / bienestar', 'Clases de yoga', 'Masaje en pareja', 'Personal de animación', 'Masaje de cuello', 'Terraza', 'Masaje corporal completo', 'Música / espectáculos en directo', 'WiFi gratis', 'Galerías de arte temporales', 'Español', 'Masaje de espalda', 'Masaje de pies', 'Clases de cocina', 'Juegos de mesa / puzles', 'Terraza / solárium', 'Masajes', 'Baño compartido', 'Inglés', 'Servicio de lavandería', 'Masaje de manos']",Casa Agni ofrece alojamiento en Treinta y Tres y cuenta con terraza y wifi gratis.
Gran Hotel Paysandú,US$68,"8,4",Muy bien,802,https://cf.bstatic.com/xdata/images/hotel/square600/38190322.webp?k=badffded2ead11289fc2762aeae0aa7678405c7e0e83fe044f5167a54bf35d97&o=,https://www.booking.com/hotel/uy/gran-paysandao.es.html?aid=304142&label=gen173nr-1FCAQoggI46wdIClgEaO0BiAEBmAEKuAEXyAEM2AEB6AEB-AEDiAIBqAIDuALY1KqtBsACAdICJDMzMzQ4ZGZkLTg1NjEtNGQ1MS1iOTk1LThhZDhhNDA0MTFmM9gCBeACAQ&ucfs=1&arphpl=1&checkin=2024-01-23&checkout=2024-01-24&group_adults=1&req_adults=1&no_rooms=1&group_children=0&req_children=0&hpos=22&hapos=22&sr_order=popularity&srpvid=59cb776c9dba00cd&srepoch=1705683552&all_sr_blocks=39903402_200160379_1_1_0&highlighted_blocks=39903402_200160379_1_1_0&matching_block_id=39903402_200160379_1_1_0&sr_pri_blocks=39903402_200160379_1_1_0__6823&from=searchresults#hotelTmpl,"['Recepción 24 horas', 'Cámaras de seguridad fuera del alojamiento', 'Teléfono', 'Calefacción', 'Canales por cable', 'Salas de reuniones / banquetes', 'WC', 'Habitaciones familiares', 'Información turística', 'Ascensor', 'Gimnasio', 'Guardaequipaje', 'Bañera o ducha', 'Alquiler de coches', 'Parking privado', 'Proporciona factura', 'Extintores', 'Registro de entrada y salida exprés', 'TV de pantalla plana', 'Muy buen desayuno', 'Habitaciones sin humo', 'Centro de negocios', 'WiFi gratis', 'Bidet', 'Servicio de limpieza diario', 'Cámaras de seguridad en las zonas comunitarias', 'Español', 'Desayuno en la habitación', 'Minibar', 'Caja fuerte', 'Escritorio', 'TV', 'Masajes', 'Parking en un garaje', 'Inglés', 'Alarma de seguridad', 'Detectores de humo', 'Fax / fotocopiadora', 'Servicio de planchado', 'Adaptado personas de movilidad reducida', 'Zona TV / salón de uso compartido', 'Servicio de lavandería', 'Snack-bar', 'Aire acondicionado', 'Spa y centro de bienestar', 'Secador de pelo', 'Servicio de habitaciones']","El Gran Hotel Paysandú se encuentra en Paysandú y ofrece terraza, centro de negocios, WiFi gratuita y aparcamiento de pago sujeto a disponibilidad. La plaza de la Constitución está a 300 metros.

Las habitaciones del Gran Hotel Paysandú disponen de TV LCD por cable, minibar y caja fuerte. Hay servicio de habitaciones.

La recepción permanece abierta las 24 horas y proporciona servicio de lavandería, de alquiler de coches y de información turística. También se ofrece un servicio de masajes y aparcamiento de pago sujeto a disponibilidad.

El Gran Hotel Paysandú está a 45 minutos en coche de las aguas termales de Guaviyú y a 15 minutos en coche del aeropuerto Tideo Larre Borges."
Mercedes Rambla Hotel,US$74,"8,5",Muy bien,264,https://cf.bstatic.com/xdata/images/hotel/square600/209885344.webp?k=a8d666ff5a31cc0506941523250340e18dbcb041d9583556bcddde232595eefa&o=,https://www.booking.com/hotel/uy/mercedes-rambla.es.html?aid=304142&label=gen173nr-1FCAQoggI46wdIClgEaO0BiAEBmAEKuAEXyAEM2AEB6AEB-AEDiAIBqAIDuALY1KqtBsACAdICJDMzMzQ4ZGZkLTg1NjEtNGQ1MS1iOTk1LThhZDhhNDA0MTFmM9gCBeACAQ&ucfs=1&arphpl=1&checkin=2024-01-23&checkout=2024-01-24&group_adults=1&req_adults=1&no_rooms=1&group_children=0&req_children=0&hpos=23&hapos=23&sr_order=popularity&srpvid=59cb776c9dba00cd&srepoch=1705683552&all_sr_blocks=538074401_191474757_0_1_0&highlighted_blocks=538074401_191474757_0_1_0&matching_block_id=538074401_191474757_0_1_0&sr_pri_blocks=538074401_191474757_0_1_0__7400&from=searchresults#hotelTmpl,"['Recepción 24 horas', 'Cámaras de seguridad fuera del alojamiento', 'Prohibido fumar en todo el alojamiento', 'Calefacción', 'Salas de reuniones / banquetes', 'Habitaciones familiares', 'Alquiler de bicicletas', 'Playa', 'Información turística', 'Situado frente a la playa', 'Jardín', 'Tours a pie', 'Mobiliario exterior', 'Tarjeta de acceso', 'Senderismo', 'Extintores', 'Baño privado', 'Armario', 'Pesca', 'Sombrillas', 'Portugués', 'Muy buen desayuno', 'Piscina al aire libre', 'Habitaciones sin humo', 'Terraza', 'Papel higiénico', 'TV de pantalla plana', 'Centro de negocios', 'WiFi gratis', 'Galerías de arte temporales', 'Cámaras de seguridad en las zonas comunitarias', 'Zona de fumadores', 'Suelo de moqueta', 'Español', 'Piragüismo', 'Inglés', 'Detectores de humo', 'Fax / fotocopiadora', 'Zona TV / salón de uso compartido', 'Tour o clase sobre cultura local', 'Seguridad 24 horas', 'Parking gratis', 'Aire acondicionado', 'Tours en bici', 'Servicio de habitaciones']","Mercedes Rambla Hotel ofrece alojamiento de 3 estrellas en Mercedes, frente a la playa, y dispone de bicicletas gratis, jardín y salón de uso común. Este alojamiento, que cuenta con servicio de habitaciones, también ofrece terraza. Hay piscina al aire libre, wifi gratis y parking privado gratis.

En el hotel, todas las habitaciones cuentan con armario y TV de pantalla plana. En Mercedes Rambla Hotel, todas las habitaciones tienen aire acondicionado y baño privado.

El personal de recepción habla inglés, español y portugués, y está dispuesto a ayudar en cualquier momento."
Casagrande Hotel & Beach Club,US$300,"9,3",Fantástico,600,https://cf.bstatic.com/xdata/images/hotel/square600/516109395.webp?k=c00ebdd6e1f67d60309b0a34605935a17bec0faa1581d802e1bccd5bdf7040b3&o=,https://www.booking.com/hotel/uy/casa-grande-jose-ignacio.es.html?aid=304142&label=gen173nr-1FCAQoggI46wdIClgEaO0BiAEBmAEKuAEXyAEM2AEB6AEB-AEDiAIBqAIDuALY1KqtBsACAdICJDMzMzQ4ZGZkLTg1NjEtNGQ1MS1iOTk1LThhZDhhNDA0MTFmM9gCBeACAQ&ucfs=1&arphpl=1&checkin=2024-01-23&checkout=2024-01-24&group_adults=1&req_adults=1&no_rooms=1&group_children=0&req_children=0&hpos=24&hapos=24&sr_order=popularity&srpvid=59cb776c9dba00cd&srepoch=1705683552&all_sr_blocks=789411701_338613949_2_1_0&highlighted_blocks=789411701_338613949_2_1_0&matching_block_id=789411701_338613949_2_1_0&sr_pri_blocks=789411701_338613949_2_1_0__30000&from_sustainable_property_sr=1&from=searchresults#hotelTmpl,"['Prohibido fumar en todo el alojamiento', 'Equitación', 'Playa', 'Jardín', 'Menú para niños', 'Alquiler de coches', 'Proporciona factura', 'Sombrillas', 'Portugués', 'Supermercado pequeño en el alojamiento', 'Habitaciones sin humo', 'Servicio de conserjería', 'Zona de fumadores', 'Servicio de traslado', 'Para todas las edades', 'Barbacoa', 'Tumbonas/sillas de playa', 'Snack-bar', 'Seguridad 24 horas', 'Cafetería en el alojamiento', 'Pesca', 'Parking gratis', 'Zona de estar', 'Secador de pelo', 'Canales vía satélite', 'Calefacción', 'Salas de reuniones / banquetes', 'Vino / champán', 'Ascensor', 'Extintores', 'Desayuno fantástico', 'Restaurante', 'TV de pantalla plana', 'Español', 'Cocina', 'Boles para mascotas', 'Caja fuerte', 'Bar en la piscina', 'Terraza / solárium', 'Parking en un garaje', 'Detectores de humo', 'Utensilios de planchado', 'Servicio de lavandería', 'Aire acondicionado', 'Zona poco profunda', 'Servicio de habitaciones', 'Teléfono', 'Habitaciones familiares', 'Utensilios de cocina', 'Windsurf', 'Ducha', 'Bar', 'Guardaequipaje', 'Ropa de cama', 'Fogones', 'Traslado aeropuerto', 'Tarjeta de acceso', 'Baño privado', 'Piscina al aire libre', 'Papel higiénico', 'Piragüismo', 'Microondas', 'TV', 'Inglés', 'Alarma de seguridad', 'Servicio de limpieza en seco', 'Artículos de aseo gratis', 'Recepción 24 horas', 'Enchufe cerca de la cama', 'Alquiler de bicicletas', 'Solárium', 'Mobiliario exterior', 'Acceso a pisos superiores en ascensor', 'Hervidor eléctrico', 'Armario', 'Ciclismo', 'Plancha para ropa', 'Terraza', 'WiFi gratis', 'Toallas', 'Bidet', 'Servicio de limpieza diario', 'Cámaras de seguridad en las zonas comunitarias', 'De temporada', 'Servicio de despertador', 'Escritorio', 'Toallas de playa/piscina']","Casagrande Hotel & Beach Club se encuentra en José Ignacio, a 5 min a pie de Playa Mansa, y ofrece alojamiento con piscina de temporada al aire libre, parking privado gratis, jardín y terraza. El alojamiento tiene un bar y un restaurante que sirve cocina internacional. El alojamiento dispone de recepción 24 horas, traslado para ir o volver del aeropuerto, servicio de habitaciones y wifi gratis en todo el alojamiento.

Las habitaciones en el hotel están equipadas con aire acondicionado, zona de estar, TV de pantalla plana con canales vía satélite, caja fuerte y baño privado con bidet, artículos de aseo gratuitos y secador de pelo. Cada habitación incluye hervidor, y algunas también ofrecen zona de cocina con nevera, horno y minibar. En Casagrande Hotel & Beach Club, cada habitación dispone de ropa de cama y toallas.

En el alojamiento se sirve todos los días un desayuno buffet.

En este hotel hay alquiler de bicicletas y alquiler de coches, y la zona es ideal para practicar ciclismo.

Playa Brava está a 14 min a pie del alojamiento, y Estación de autobús de Punta del Este está a 33 km. El aeropuerto más cercano (Aeropuerto Capitan de Corbeta Carlos A. Curbelo) está a 48 km del alojamiento."
HOTEL DEL NORTE,US$53,"7,8",Bien,371,https://cf.bstatic.com/xdata/images/hotel/square600/295977373.webp?k=1527a566ae35e5a966dc2052d0fd4b4eb19d3bf31aae4338e3c38933ad4ca523&o=,https://www.booking.com/hotel/uy/del-norte.es.html?aid=304142&label=gen173nr-1FCAQoggI46wdIClgEaO0BiAEBmAEKuAEXyAEM2AEB6AEB-AEDiAIBqAIDuALY1KqtBsACAdICJDMzMzQ4ZGZkLTg1NjEtNGQ1MS1iOTk1LThhZDhhNDA0MTFmM9gCBeACAQ&ucfs=1&arphpl=1&checkin=2024-01-23&checkout=2024-01-24&group_adults=1&req_adults=1&no_rooms=1&group_children=0&req_children=0&hpos=25&hapos=25&sr_order=popularity&srpvid=59cb776c9dba00cd&srepoch=1705683552&all_sr_blocks=725554701_310462845_1_1_0&highlighted_blocks=725554701_310462845_1_1_0&matching_block_id=725554701_310462845_1_1_0&sr_pri_blocks=725554701_310462845_1_1_0__5300&from_sustainable_property_sr=1&from=searchresults#hotelTmpl,"['Recepción 24 horas', 'Cámaras de seguridad fuera del alojamiento', 'Teléfono', 'Prohibido fumar en todo el alojamiento', 'Canales por cable', 'Enchufe cerca de la cama', 'Calefacción', 'WC', 'Información turística', 'Buen desayuno', 'Abierta todo el año', 'Ducha', 'Jardín', 'Mobiliario exterior', 'Guardaequipaje', 'Perchero', 'Ropa de cama', 'Proporciona factura', 'Extintores', 'Baño privado', 'Portugués', 'TV de pantalla plana', 'Piscina al aire libre', 'Habitaciones sin humo', 'Terraza', 'Papel higiénico', 'Plancha para pantalones', 'WiFi gratis', 'Servicio de conserjería', 'Toallas', 'Bidet', 'Servicio de limpieza diario', 'Cámaras de seguridad en las zonas comunitarias', 'Suelo de moqueta', 'Español', 'Desayuno en la habitación', 'Servicio de despertador', 'Acceso a pisos superiores solo mediante escaleras', 'TV', 'Cambio de moneda', 'Detectores de humo', 'Servicio de limpieza en seco', 'Servicio de planchado', 'Fax / fotocopiadora', 'Zona TV / salón de uso compartido', 'Servicio de lavandería', 'Tumbonas/sillas de playa', 'Artículos de aseo gratis', 'Toallas / sábanas (por un suplemento)', 'Toallas de playa/piscina', 'Aire acondicionado', 'Zona poco profunda', 'Secador de pelo', 'Minibar', 'Solo para adultos']","HOTEL DEL NORTE dispone de jardín, salón de uso común y terraza en Artigas. Este hotel de 2 estrellas ofrece piscina al aire libre y tiene habitaciones con aire acondicionado, wifi gratis y baño privado. El alojamiento ofrece recepción 24 horas, servicio de conserjería y cambio de moneda.

En el hotel, todas las habitaciones disponen de TV de pantalla plana y algunas también ofrecen vistas a la ciudad. En HOTEL DEL NORTE, cada habitación incluye ropa de cama y toallas.

El aeropuerto más cercano (Aeropuerto internacional Ruben Berta) está a 125 km del alojamiento."
