CIUDAD;PAÍS
Sydney;Australia
Melbourne;Australia
Brisbane;Australia
Perth;Australia
Adelaide;Australia
Gold Coast;Australia
Cranbourne;Australia
Canberra;Australia
Central Coast;Australia
Wollongong;Australia
Hobart;Australia
Geelong;Australia
Townsville;Australia
Ipswich;Australia
Newcastle;Australia
Cairns;Australia
Darwin;Australia
Toowoomba;Australia
Launceston;Australia
Ballarat;Australia
Bendigo;Australia
Bunbury;Australia
Bundaberg;Australia
Wagga Wagga;Australia
Melton;Australia
Hervey Bay;Australia
Pakenham;Australia
Port Macquarie;Australia
Caloundra;Australia
Dubbo;Australia
Orange;Australia
Frankston;Australia
Sunbury;Australia
Bathurst;Australia
Gladstone;Australia
Mildura;Australia
Geraldton;Australia
Southport;Australia
Shepparton;Australia
Kalgoorlie;Australia
Dandenong;Australia
Warrnambool;Australia
Albany;Australia
Burnie;Australia
Quakers Hill;Australia
Caboolture;Australia
Coffs Harbour;Australia
Mount Gambier;Australia
Busselton;Australia
Traralgon;Australia
Alice Springs;Australia
Armidale;Australia
Devonport;Australia
Goulburn;Australia
Whyalla;Australia
Kwinana;Australia
Wodonga;Australia
Narangba;Australia
Griffith;Australia
Mount Eliza;Australia
Broken Hill;Australia
Wangaratta;Australia
Nerang;Australia
Lara;Australia
Taree;Australia
Banora Point;Australia
Karratha;Australia
Warragul;Australia
Maryborough;Australia
Rochedale;Australia
Ulladulla;Australia
Cessnock;Australia
Murray Bridge;Australia
Horsham;Australia
Australind;Australia
Emerald;Australia
Barwon Heads;Australia
Port Lincoln;Australia
Ulverstone;Australia
Echuca;Australia
Mount Barker;Australia
Morwell;Australia
Forster;Australia
Sale;Australia
Bongaree;Australia
Penrith;Australia
Torquay;Australia
Jimboomba;Australia
Goonellabah;Australia
Raymond Terrace;Australia
Leopold;Australia
Dalby;Australia
Campbelltown;Australia
Drouin;Australia
Warwick;Australia
Muswellbrook;Australia
Rutherford;Australia
Inverell;Australia
Parkes;Australia
Somerville;Australia
Gracemere;Australia
Nambour;Australia
Mareeba;Australia
Wallan;Australia
Nelson Bay;Australia
Corinda;Australia
Casino;Australia
Gympie;Australia
Kingston;Australia
Grafton;Australia
Kangaroo Flat;Australia
Bowen;Australia
Bowral;Australia
Benalla;Australia
Young;Australia
Cowra;Australia
Kingaroy;Australia
Hamilton;Australia
Swan Hill;Australia
Mudgee;Australia
Gunnedah;Australia
Portland;Australia
Mount Evelyn;Australia
Highfields;Australia
Andergrove;Australia
Moree;Australia
Nowra;Australia
Currumbin;Australia
Wollert;Australia
Colac;Australia
Gisborne;Australia
Kelso;Australia
Yanchep;Australia
Moe;Australia
Ayr;Australia
Moranbah;Australia
Ballina;Australia
Redlynch;Australia
Leeton;Australia
Moss Vale;Australia
Springwood;Australia
Forbes;Australia
Emu Plains;Australia
Rye;Australia
Darley;Australia
Ararat;Australia
Tweed Heads;Australia
Charters Towers;Australia
Katoomba;Australia
Kilmore;Australia
Mooroopna;Australia
Yarrawonga;Australia
Maryborough;Australia
Deniliquin;Australia
Mandurah;Australia
Bli Bli;Australia
Narre Warren North;Australia
Margaret River;Australia
Narrabri;Australia
Collie;Australia
Bairnsdale;Australia
Clifton Springs;Australia
Bargara;Australia
Kingscliff;Australia
Healesville;Australia
Fremantle;Australia
Blaxland;Australia
North Tamborine;Australia
Atherton;Australia
Kyabram;Australia
Newman;Australia
Sanctuary Point;Australia
Gatton;Australia
Merrimac;Australia
Murwillumbah;Australia
Urraween;Australia
Kyneton;Australia
Kiama;Australia
Roma;Australia
Mount Cotton;Australia
Cootamundra;Australia
Beerwah;Australia
Castlemaine;Australia
Pottsville;Australia
Cooma;Australia
Gordonvale;Australia
Lysterfield;Australia
Bomaderry;Australia
Chinchilla;Australia
Port Augusta;Australia
Northam;Australia
Yass;Australia
Strathalbyn;Australia
Burpengary;Australia
Waterford;Australia
Lennox Head;Australia
Beaudesert;Australia
Bacchus Marsh;Australia
Helensburgh;Australia
Goondiwindi;Australia
Yeppoon;Australia
Seymour;Australia
Nambucca Heads;Australia
Nuriootpa;Australia
Wauchope;Australia
Queanbeyan;Australia
Tumut;Australia
Tuncurry;Australia
Glen Innes;Australia
Yamba;Australia
Wentworth Falls;Australia
Lakes Entrance;Australia
South Grafton;Australia
Kurri Kurri;Australia
Cobram;Australia
Wynyard;Australia
Naracoorte;Australia
North Mackay;Australia
Woodend;Australia
Dromana;Australia
Emerald;Australia
Mittagong;Australia
Biloela;Australia
Alstonville;Australia
Stawell;Australia
Cannonvale;Australia
Point Vernon;Australia
Palmwoods;Australia
Leongatha;Australia
Scone;Australia
Whittlesea;Australia
East Ballina;Australia
Sarina;Australia
Byron Bay;Australia
Corowa;Australia
Richmond;Australia
Cooranbong;Australia
Bullsbrook;Australia
Inverloch;Australia
New Norfolk;Australia
Wingham;Australia
Irymple;Australia
Dunsborough;Australia
Kununurra;Australia
Smithfield Heights;Australia
Woolgoolga;Australia
Bannockburn;Australia
Maffra;Australia
Lithgow;Australia
Tannum Sands;Australia
Ocean Shores;Australia
Howard Springs;Australia
Millicent;Australia
Calliope;Australia
Worragee;Australia
Tahmoor;Australia
Glass House Mountains;Australia
Red Cliffs;Australia
Glenbrook;Australia
Nairne;Australia
McMinns Lagoon;Australia
Kiama Downs;Australia
Singleton;Australia
Wonthaggi;Australia
Albury;Australia
Ingham;Australia
Manjimup;Australia
Narrogin;Australia
Victor Harbor;Australia
Port Hedland;Australia
Berri;Australia
Broome;Australia
Smithton;Australia
Katanning;Australia
Mackay;Australia
Lismore;Australia
Proserpine;Australia
Merimbula;Australia
Port Douglas;Australia
Wallaroo;Australia
Charleville;Australia
Clare;Australia
Weipa;Australia
Tom Price;Australia
Longreach;Australia
Bordertown;Australia
Merredin;Australia
Mount Barker;Australia
Cloncurry;Australia
Exmouth;Australia
Scottsdale;Australia
Ceduna;Australia
Esperance;Australia
Rockhampton;Australia
Bourke;Australia
Maitland;Australia
Queenstown;Australia
Tumby Bay;Australia
Penola;Australia
Kalbarri;Australia
Batemans Bay;Australia
Halls Creek;Australia
Peterborough;Australia
Wagin;Australia
Katherine;Australia
Barcaldine;Australia
Port Denison;Australia
Kingston South East;Australia
Streaky Bay;Australia
Ouyen;Australia
Innisfail;Australia
Hughenden;Australia
Meningie;Australia
Yulara;Australia
Cowell;Australia
Roebourne;Australia
Bicheno;Australia
Winton;Australia
Laverton;Australia
Onslow;Australia
Gingin;Australia
Leonora;Australia
Wyndham;Australia
Wilcannia;Australia
Meekatharra;Australia
Pannawonica;Australia
Oatlands;Australia
Southern Cross;Australia
Gawler;Australia
Richmond;Australia
Kimba;Australia
Norseman;Australia
Eidsvold;Australia
Quilpie;Australia
Morawa;Australia
Karumba;Australia
Ravensthorpe;Australia
Kempsey;Australia
Mount Magnet;Australia
Woomera;Australia
Theodore;Australia
Three Springs;Australia
Adelaide River;Australia
Georgetown;Australia
Pine Creek;Australia
Ivanhoe;Australia
Andamooka;Australia
Boulia;Australia
Thargomindah;Australia
Burketown;Australia
Carnarvon;Australia
Camooweal;Australia
Port Pirie;Australia
Tamworth;Australia
Birdsville;Australia
Bedourie;Australia
Mount Isa;Australia
Windorah;Australia
Kingoonya;Australia
Avarua;Cook Islands
Palikir;Federated States of Micronesia
Kolonia;Federated States of Micronesia
Tofol;Federated States of Micronesia
Weno;Federated States of Micronesia
Colonia;Federated States of Micronesia
Suva;Fiji
Lautoka;Fiji
Nausori;Fiji
Nadi;Fiji
Labasa;Fiji
Ba;Fiji
Sigatoka;Fiji
Vaileka;Fiji
Papeete;French Polynesia
Tarawa;Kiribati
Teaoraereke;Kiribati
Majuro;Marshall Islands
Yaren;Nauru
Nouméa;New Caledonia
Koné;New Caledonia
Wé;New Caledonia
Auckland;New Zealand
Wellington;New Zealand
Christchurch;New Zealand
Manukau City;New Zealand
Waitakere;New Zealand
Northcote;New Zealand
Hamilton;New Zealand
Tauranga;New Zealand
Lower Hutt;New Zealand
Dunedin;New Zealand
Palmerston North;New Zealand
Napier;New Zealand
Porirua;New Zealand
Rotorua;New Zealand
New Plymouth;New Zealand
Whangarei;New Zealand
Nelson;New Zealand
Invercargill;New Zealand
Upper Hutt;New Zealand
Whanganui;New Zealand
Gisborne;New Zealand
Paraparaumu;New Zealand
Timaru;New Zealand
Blenheim;New Zealand
Pukekohe East;New Zealand
Taupo;New Zealand
Masterton;New Zealand
Cambridge;New Zealand
Ashton;New Zealand
Levin;New Zealand
Macetown;New Zealand
Rolleston;New Zealand
Feilding;New Zealand
Whakatane;New Zealand
Richmond;New Zealand
Havelock North;New Zealand
Tokoroa;New Zealand
Mosgiel;New Zealand
Te Awamutu;New Zealand
Waikanae;New Zealand
Hawera;New Zealand
Glencoe;New Zealand
Waiuku;New Zealand
Wanaka;New Zealand
Te Puke;New Zealand
Greymouth;New Zealand
Matamata;New Zealand
Thames;New Zealand
Kawerau;New Zealand
Kerikeri;New Zealand
Waitara;New Zealand
Ngaruawahia;New Zealand
Mount Maunganui;New Zealand
Lincoln;New Zealand
Kaitaia;New Zealand
Stratford;New Zealand
Alexandra;New Zealand
Cromwell;New Zealand
Warkworth;New Zealand
Waihi;New Zealand
Marton;New Zealand
Whitianga;New Zealand
Tuakau;New Zealand
Westport;New Zealand
Turangi;New Zealand
Hokitika;New Zealand
Renwick;New Zealand
Te Anau;New Zealand
Kaikoura;New Zealand
Halfmoon Bay;New Zealand
Kairaki;New Zealand
Waitangi;New Zealand
Alofi;Niue
Koror;Palau
Melekeok;Palau
Ngerulmud;Palau
Port Moresby;Papua New Guinea
Lae;Papua New Guinea
Madang;Papua New Guinea
Arawa;Papua New Guinea
Mount Hagen;Papua New Guinea
Popondetta;Papua New Guinea
Mendi;Papua New Guinea
Wewak;Papua New Guinea
Goroka;Papua New Guinea
Kavieng;Papua New Guinea
Kimbe;Papua New Guinea
Daru;Papua New Guinea
Alotau;Papua New Guinea
Vanimo;Papua New Guinea
Kundiawa;Papua New Guinea
Kiunga;Papua New Guinea
Rabaul;Papua New Guinea
Kieta;Papua New Guinea
Lorengau;Papua New Guinea
Kerema;Papua New Guinea
Wabag;Papua New Guinea
Sohano;Papua New Guinea
Hoskins;Papua New Guinea
Amau;Papua New Guinea
Kokopo;Papua New Guinea
Kurumul;Papua New Guinea
Tari;Papua New Guinea
Buka;Papua New Guinea
Apia;Samoa
Afega;Samoa
Leulumoega;Samoa
Mulifanua;Samoa
Lufilufi;Samoa
Safotulafai;Samoa
Samamea;Samoa
Satupa‘itea;Samoa
Asau;Samoa
Safotu;Samoa
Vailoa;Samoa
Saleaula;Samoa
Honiara;Solomon Islands
Gizo;Solomon Islands
Lata;Solomon Islands
Kirakira;Solomon Islands
Auki;Solomon Islands
Taro;Solomon Islands
Tulagi;Solomon Islands
Buala;Solomon Islands
Tigoa;Solomon Islands
Nuku‘alofa;Tonga
Neiafu;Tonga
Funafuti;Tuvalu
Port-Vila;Vanuatu
Luganville;Vanuatu
Lakatoro;Vanuatu
Isangel;Vanuatu
Saratamata;Vanuatu
Sola;Vanuatu
Mata-Utu;Wallis And Futuna
Leava;Wallis And Futuna
