hotel,price,score,avg_review,reviews_count,image_links,hotel_url,popular_facilities,city,country,description
LOUVRE HOME,US$47,10,Excepcional,14,https://cf.bstatic.com/xdata/images/hotel/max1024x768/519098241.webp?k=7d4fc4171bea529a38aeaa9c34e14a8daed8bc39315d52b99481e986d7c863ec&o=,https://www.booking.com/hotel/am/louvre-home.es.html?aid=2410095,"Menú para niños, Chino, Estación de carga de vehículos eléctricos, Karaoke, Papel higiénico, Secador de pelo, Servicio de lavandería, Extintores, Artículos de aseo gratis, Adaptado para sillas de ruedas, Barbacoa, Zona de comedor, Cafetería en el alojamiento, Servicio de entrega de comestibles, Zona de fumadores, Zona de juegos para niños, Piscina interior, Noches de cine, Habitaciones insonorizadas, Francés, Clases de cocina, Detectores de humo, Bañera de hidromasaje / jacuzzi, Albornoz, Club infantil, Servicio de conserjería, Piscina climatizada, Sala de juegos, Zona poco profunda, Buffet para niños, Ducha, Parking en un garaje, Tour o clase sobre cultura local, Desayuno, Perchero, Abierta todo el año, Zona de pícnic, Alemán, Juegos de mesa / puzles, Zona de juegos interior, Escritorio, Tetera / cafetera, Registro de entrada / salida privado, Prohibido fumar en todo el alojamiento, Barandillas protectoras para bebés, Juguetes para la piscina, Calefacción, Entretenimiento nocturno, WiFi gratis, Eventos deportivos en directo (emisión), Alquiler de bicicletas, Equipamiento de juegos para exterior, Adaptado personas de movilidad reducida, Almuerzos para llevar, Tours en bici, Habitaciones familiares, Cochecitos de bebé, Ventilador, Vistas, Armario, Vistas al jardín, Cocina compartida, Hervidor eléctrico, Spa y centro de bienestar, WC, Toallas de playa/piscina, Cambio de moneda, Fax / fotocopiadora, Servicio de traslado, Ruso, TV de pantalla plana, Recepción 24 horas, Zona TV / salón de uso compartido, Fruta, Zapatillas, Playa, Parque acuático, Servicio de planchado, Desayuno en la habitación, Servicio de limpieza diario, Llave de acceso, Baño privado, Toallas, Zona privada de playa, Inglés, Traslado aeropuerto, Menús para dietas especiales (bajo petición), Cámaras de seguridad fuera del alojamiento, Vino / champán, Canguro / servicios para niños, Bar en la piscina, Registro de entrada y salida exprés, Ropa de cama, Para todas las edades, Servicio de habitaciones, Servicio de limpieza en seco, Terraza, Jardín, Toallas / sábanas (por un suplemento), Seguridad 24 horas, Cámaras de seguridad en las zonas comunitarias, Sauna, Alquiler de coches, Servicio de aparcacoches, Caja fuerte, Cenas temáticas, Aire acondicionado, Proporciona factura, Gimnasio, Tetera/cafetera en todas las habitaciones, Información turística, Bingo, Salas de reuniones / banquetes, Bar, Mesa de comedor, Restaurante, Taquillas, Terraza / solárium, Mobiliario exterior, Habitaciones sin humo, Happy hour, Microondas, Horario de apertura, Parking gratis, Tumbonas/sillas de playa, Piscina infantil, Música / espectáculos en directo, Tours a pie, Alarma de seguridad, Servicio de despertador, Equipamiento de bádminton",Sevan,Armenia,"LOUVRE HOME se encuentra en Sevan y ofrece alojamiento de 5 estrellas con jardín, salón de uso común y bar. Este alojamiento ofrece cocina compartida y servicio de habitaciones, además de wifi gratis en todo el alojamiento. En el restaurante que hay en el propio alojamiento se sirve cocina africana, cocina americana, cocina argentina y cocina belga.

En el hotel, cada habitación tiene aire acondicionado, escritorio, terraza con vistas al jardín, baño privado, TV de pantalla plana, ropa de cama y toallas. Las habitaciones cuentan con armario y hervidor.

En el alojamiento se puede disfrutar de un desayuno buffet, a la carta o continental.

LOUVRE HOME ofrece zona de juegos infantil.

El personal de la recepción 24 horas habla alemán, inglés, francés y ruso, y estará encantado de ayudar.

El aeropuerto más cercano (Aeropuerto Internacional de Zvartnots) está a 72 km del alojamiento, que ofrece servicio de traslado de pago para ir o volver del aeropuerto."
Lavash Hotels LLC,US$38,"8,8",Fabuloso,1.439,https://cf.bstatic.com/xdata/images/hotel/max1024x768/74872207.webp?k=8ca2f6691ccb69450e05c57ecaf907f777ef9d348d777d7cdc885be34d071534&o=,https://www.booking.com/hotel/am/lavash-ch-39-kalovka.es.html?aid=2410095,"Menú para niños, Papel higiénico, Secador de pelo, Sombrillas, Secadora de ropa, Artículos de aseo gratis, Piragüismo, Adaptado para sillas de ruedas, Barbacoa, Cafetería en el alojamiento, Clases de cocina, Club infantil, Sala de juegos, Sofá, Tendedero, Pesca, Buffet para niños, Zona de estar, Ducha, Parking en un garaje, Tour o clase sobre cultura local, Senderismo, Perchero, Zona de pícnic, Vistas al lago, Alemán, Juegos de mesa / puzles, Zona de juegos interior, Escritorio, Tetera / cafetera, Registro de entrada / salida privado, Calefacción, Entretenimiento nocturno, Zona de comedor exterior, WiFi gratis, Buen desayuno, Adaptado personas de movilidad reducida, Enchufe cerca de la cama, Habitaciones familiares, Ventilador, Vistas, Armario, Vistas al jardín, Suelo de moqueta, Equipamiento de tenis, Hervidor eléctrico, WC, Servicio de traslado, Ruso, Recepción 24 horas, Bañera, Fruta, Chimenea exterior, Vistas a un lugar de interés, Zapatillas, Vistas a la montaña, Playa, Sofá cama, Servicio de limpieza diario, Baño privado, Toallas, Inglés, Ping pong, Traslado aeropuerto, Dardos, Menús para dietas especiales (bajo petición), Vino / champán, Ropa de cama, Toda la unidad en la planta baja, Servicio de habitaciones, Terraza, Jardín, Bañera o ducha, Entrada privada, Servicio de aparcacoches, Plancha para ropa, Situado frente a la playa, Chimenea, Tetera/cafetera en todas las habitaciones, Nevera, Mosquitera, Salas de reuniones / banquetes, Bar, Mesa de comedor, Restaurante, Suelo de baldosa / mármol, Toda la unidad accesible en silla de ruedas, Terraza / solárium, Mobiliario exterior, Habitaciones sin humo, Parking gratis, Tumbonas/sillas de playa, Música / espectáculos en directo, Tours a pie, Servicio de despertador",Sevan,Armenia,"El Lavash Hotels LLC está ubicado en Chkalovka, a 70 metros del lago Sevan. Además, este hotel ofrece solárium y vistas a las montañas y al lago. Hay WiFi y aparcamiento privado gratuitos.

Las habitaciones disponen de hervidor de agua, nevera y baño privado con zapatillas y secador de pelo.

Alberga un restaurante. Se proporciona un servicio de habitaciones. También hay tiendas y cafeterías en las inmediaciones.

Este hotel cuenta con tienda de regalos, sala de juegos para niños, juego de dardos y mesa de ping pong. La zona es ideal para pescar.

La iglesia Gandzavank está a 2 km. El monte Geghama se halla a 32 km. El aeropuerto internacional de Zvartnots queda a 63 km del Lavash Hotels LLC."
ArtStar,US$59,"9,0",Fantástico,33,https://cf.bstatic.com/xdata/images/hotel/max1024x768/476459984.webp?k=bc047bca88e286c9fce68503a1c94dd8f2240d9ff300cfc67e8b0e720c878f09&o=,https://www.booking.com/hotel/am/artstar.es.html?aid=2410095,"Papel higiénico, Guardaequipaje, Secador de pelo, Servicio de lavandería, Sombrillas, Extintores, Artículos de aseo gratis, Cocina, Piragüismo, Armenio, Barbacoa, Zona de comedor, Cafetería en el alojamiento, Servicio de streaming (como Netflix), Servicio de entrega de comestibles, Zona de fumadores, Habitaciones insonorizadas, Noches de cine, Instalaciones para deportes acuáticos en el alojamiento, Utensilios de planchado, Francés, Detectores de humo, Albornoz, Sofá, Tendedero, Pesca, Zona de estar, Ducha, Desayuno, Balcón, Perchero, Zona de pícnic, Vistas al lago, Juegos de mesa / puzles, Escritorio, Tetera / cafetera, Registro de entrada / salida privado, Barandillas protectoras para bebés, Calefacción, Entretenimiento nocturno, WiFi gratis, Eventos deportivos en directo (emisión), Equipamiento de juegos para exterior, Enchufe cerca de la cama, Aseo adicional, Almuerzos para llevar, Habitaciones familiares, Teléfono, Taquillas en el gimnasio / spa, Lavadora, Discoteca / DJ, Snack-bar, Ventilador, Vistas, Armario, Vistas al jardín, Hervidor eléctrico, WC, Ruso, Productos de limpieza, TV de pantalla plana, Recepción 24 horas, Bañera, Zona TV / salón de uso compartido, Fruta, Bidet, Chimenea exterior, Zapatillas, Hipoalergénico, Vistas a la montaña, Playa, Equitación, Servicio de planchado, Aseo compartido, Desayuno en la habitación, Servicio de limpieza diario, Llave de acceso, Baño privado, Toallas, Zona privada de playa, Inglés, Traslado aeropuerto, Utensilios de cocina, Insonorización, Parking adaptado para personas de movilidad reducida, Plancha para pantalones, Menús para dietas especiales (bajo petición), Bañera de hidromasaje, Cámaras de seguridad fuera del alojamiento, Vino / champán, Registro de entrada y salida exprés, Ropa de cama, Servicio de habitaciones, Vestidor, Servicio de limpieza en seco, Terraza, Jardín, Toallas / sábanas (por un suplemento), Seguridad 24 horas, Cámaras de seguridad en las zonas comunitarias, Bañera o ducha, Entrada privada, Suelo de madera o parquet, Caja fuerte, Plancha para ropa, Situado frente a la playa, TV, Vistas a la ciudad, Aire acondicionado, Tetera/cafetera en todas las habitaciones, Nevera, Mosquitera, Fogones, Bar, Restaurante, Suelo de baldosa / mármol, Taquillas, Camas extralargas (más de 2 metros), Habitaciones sin humo, Happy hour, Baño adicional, Parking gratis, Tumbonas/sillas de playa, Zona de cocina, Música / espectáculos en directo, Alarma de seguridad",Sevan,Armenia,"ArtStar ofrece alojamiento de 4 estrellas en Sevan, frente a la playa, y tiene jardín, salón de uso común y restaurante. El alojamiento dispone de bar y zona de playa privada, además de zona de barbacoa. El alojamiento dispone de recepción 24 horas, traslado para ir o volver del aeropuerto, servicio de habitaciones y wifi gratis en todo el alojamiento.

En el hotel, cada habitación dispone de aire acondicionado, escritorio, TV de pantalla plana, baño privado, ropa de cama, toallas y terraza con vistas a la ciudad. Todas las habitaciones cuentan con nevera.

El desayuno diario ofrece opciones buffet, continentales o inglesas/irlandesas.

El aeropuerto (Aeropuerto Internacional de Zvartnots) está a 76 km."
Edem B&B,US$37,"9,4",Fantástico,154,https://cf.bstatic.com/xdata/images/hotel/max1024x768/303128534.webp?k=e4952e6297673b42bc035c8a940de6779ad598687bfe2886964212fa70607591&o=,https://www.booking.com/hotel/am/edik-amp-gohar-b-amp-b-sevan.es.html?aid=2410095,"Ruso, Terraza, Jardín, Toallas / sábanas (por un suplemento), Zona TV / salón de uso compartido, Zona de pícnic, Zapatillas, Desayuno fantástico, Armenio, Barbacoa, Servicio de planchado, Alquiler de bicicletas, Servicio de limpieza diario, Wifi buena gratis (18 Mbps), Habitaciones familiares, Toallas, Inglés, Ping pong, Traslado aeropuerto, Habitaciones sin humo, Cocina compartida, Parking gratis, Servicio de traslado",Sevan,Armenia,"Edem B&B está en Sevan y dispone de wifi gratis, jardín, salón de uso común y terraza.

Hay un baño privado con ducha en algunas unidades, además de artículos de aseo gratuitos, secador de pelo y zapatillas.

El apartamento ofrece servicio de alquiler de bicicletas.

El aeropuerto (Aeropuerto Internacional de Zvartnots) está a 72 km, y el alojamiento ofrece servicio de traslado de pago para ir o volver del aeropuerto."
Hotel MARUNA,US$27,"9,2",Fantástico,94,https://cf.bstatic.com/xdata/images/hotel/max1024x768/415739527.webp?k=4dbc6d6f444fe6a2f8e703e0bf9287b641374b50a2a53b5266fcbc82035ebf71&o=,https://www.booking.com/hotel/am/maruna.es.html?aid=2410095,"Servicio de habitaciones, Ducha, Servicio de limpieza en seco, Ruso, Desayuno, TV de pantalla plana, Recepción 24 horas, Perchero, Masaje de pies, Cajero automático en el hotel, Seguridad 24 horas, Zona de pícnic, Cámaras de seguridad en las zonas comunitarias, Papel higiénico, Bañera o ducha, Alquiler de coches, Tetera / cafetera, Tratamientos faciales, Registro de entrada / salida privado, Servicios de belleza, Calefacción, Masaje de espalda, Artículos de aseo gratis, Vistas a la ciudad, Proporciona factura, Armenio, WiFi gratis, Tetera/cafetera en todas las habitaciones, Barbacoa, Desayuno en la habitación, Servicio de planchado, Servicio de entrega de comestibles, Masaje corporal completo, Servicio de limpieza diario, Baño privado, Habitaciones familiares, Albornoz, Inglés, Masajes, Traslado aeropuerto, Masaje de manos, Parking adaptado para personas de movilidad reducida, Mobiliario exterior, Armario, Habitaciones sin humo, Masaje de cabeza, Suelo de moqueta, Parking gratis, Hervidor eléctrico, Cámaras de seguridad fuera del alojamiento, WC, Masaje de cuello, Cambio de moneda, Registro de entrada y salida exprés, Servicio de traslado, Tratamientos corporales",Sevan,Armenia,"Hotel MARUNA ofrece alojamiento en Sevan. Este alojamiento, que tiene cajero automático, también ofrece barbacoa. El alojamiento dispone de recepción 24 horas, traslado para ir o volver del aeropuerto, servicio de habitaciones y wifi gratis.

En la posada u hostería, las habitaciones incluyen armario y TV de pantalla plana. Las habitaciones de este alojamiento tienen baño privado con ducha y artículos de aseo gratuitos, y también incluyen vistas a la ciudad.

En Hotel MARUNA se puede disfrutar de un desayuno a la carta.

El aeropuerto (Aeropuerto Internacional de Zvartnots) está a 72 km."
Hayots Ojakh,US$20,"8,6",Fabuloso,237,https://cf.bstatic.com/xdata/images/hotel/max1024x768/399617973.webp?k=ba5b1e9d5e65dd3e53fb9dedfa8b4742fac045d46dcb6982322397c77980c41b&o=,https://www.booking.com/hotel/am/hayoc-ojax-sevan.es.html?aid=2410095,"Servicio de habitaciones, Bar, Habitaciones sin humo, Tour o clase sobre cultura local, Restaurante, Playa, Terraza, Ruso, Parking gratis, Situado frente a la playa, Habitaciones familiares, Armenio, Zona privada de playa, Buen desayuno, Inglés, Traslado aeropuerto",Sevan,Armenia,"Hayots Ojakh dispone de terraza, restaurante, bar y zona de playa privada en Sevan. Hay parking privado gratis y el alojamiento ofrece servicio de traslado de pago para ir o volver del aeropuerto.

El aeropuerto más cercano (Aeropuerto Internacional de Zvartnots) está a 76 km."
Lake Sevan Hostel,US$12,"8,6",Fabuloso,216,https://cf.bstatic.com/xdata/images/hotel/max1024x768/475535046.webp?k=57e07ec0f5068687fb39ade02af356abf424c669122f1fbb52f97f7260b5f3f8&o=,https://www.booking.com/hotel/am/lake-sevan-hostel.es.html?aid=2410095,"Vestidor, Ducha, Productos de limpieza, Zona de estar, Ruso, Desayuno, Terraza, Jardín, Perchero, Zona TV / salón de uso compartido, Papel higiénico, Juegos de mesa / puzles, Entrada privada, Vistas a un patio interior, Suelo de madera o parquet, Escritorio, Tetera / cafetera, Secador de pelo, Caja fuerte, Baño compartido, Plancha para ropa, Calefacción, Cama plegable, Cocina, Aire acondicionado, Zona de comedor exterior, WiFi gratis, Nevera, Habitaciones insonorizadas, Utensilios de planchado, Sofá cama, Mosquitera, Toda la unidad en la planta baja, Alquiler de bicicletas, Enchufe cerca de la cama, Suelo de baldosa / mármol, Toallas, Inglés, Utensilios de cocina, Ventilador, Insonorización, Camas extralargas (más de 2 metros), Armario, Sofá, Cocina compartida, Tendedero, Suelo de moqueta, Parking gratis, Hervidor eléctrico, Zona de cocina, WC, Ropa de cama",Sevan,Armenia,"Lake Sevan Hostel está en Sevan y tiene jardín, salón de uso común, terraza y wifi gratis.

En el albergue, las habitaciones incluyen escritorio. Todas las habitaciones tienen baño compartido, secador de pelo y ropa de cama.

El aeropuerto (Aeropuerto Internacional de Zvartnots) está a 73 km."
Serik & Geora Guesthouse,US$15,"9,0",Fantástico,89,https://cf.bstatic.com/xdata/images/hotel/max1024x768/109014702.webp?k=dd9f6780566a48e4e3444e2c870da8e7171c6b20afa44dfd380c043fac4544ce&o=,https://www.booking.com/hotel/am/serik-amp-geora-guesthouse.es.html?aid=2410095,"Vestidor, Ducha, Productos de limpieza, Zona de estar, Parking en un garaje, Ruso, Terraza, Recepción 24 horas, Jardín, Perchero, Senderismo, Ordenador portátil, Español, Acceso a pisos superiores solo mediante escaleras, Zona de pícnic, Papel higiénico, Juegos de mesa / puzles, Cafetera, Vistas a un patio interior, Suelo de madera o parquet, Zapatillas, Wifi básica gratis (11 Mbps), Secador de pelo, Plancha para ropa, Equitación, Registro de entrada / salida privado, Calefacción, Artículos de aseo gratis, Vistas a la ciudad, Cocina, Zona de comedor exterior, Barbacoa, Aseo compartido, Ordenador, Información turística, Zona de fumadores, Mosquitera, Libros, DVD o música para niños, Habitaciones insonorizadas, Utensilios de planchado, Alquiler de bicicletas, Servicio de despertador / alarma, Servicio de limpieza diario, Desayuno excepcional, Enchufe cerca de la cama, Habitaciones familiares, Toallas, Inglés, Lavadora, Traslado aeropuerto, Utensilios de cocina, Ventilador, Insonorización, Mobiliario exterior, Armario, Vistas al jardín, Habitaciones sin humo, Suelo de moqueta, Cocina compartida, Tendedero, Menús para dietas especiales (bajo petición), Parking gratis, Hervidor eléctrico, Pesca, WC, Canguro / servicios para niños, Registro de entrada y salida exprés, Servicio de traslado, Ropa de cama, Servicio de despertador",Sevan,Armenia,"Serik & Geora Guesthouse, que tiene jardín, se encuentra en Sevan y también ofrece terraza y zona de barbacoa. El alojamiento dispone de recepción 24 horas, traslado para ir o volver del aeropuerto, cocina compartida y wifi gratis.

Todas las habitaciones de este alojamiento están equipadas con cafetera, ordenador y ordenador portátil. Cada habitación incluye hervidor, algunas ofrecen balcón y otras también incluyen vistas al lago. En el hostal o pensión, las habitaciones incluyen ropa de cama y toallas.

El aeropuerto (Aeropuerto Internacional de Zvartnots) está a 70 km."
ARAGAST HOTEL & BREWERY пивоварня,US$33,"9,5",Excepcional,184,https://cf.bstatic.com/xdata/images/hotel/max1024x768/379000846.webp?k=e9dc37b68c2bbe8e30eef0937e7446c5f9a7b570e8f99e2b98d8ad78bc90d9db&o=,https://www.booking.com/hotel/am/aragast-sevan.es.html?aid=2410095,"Vestidor, Ducha, Ruso, Desayuno, TV de pantalla plana, Recepción 24 horas, Perchero, Toallas / sábanas (por un suplemento), Cajero automático en el hotel, Seguridad 24 horas, Acceso a pisos superiores solo mediante escaleras, Cámaras de seguridad en las zonas comunitarias, Papel higiénico, Detector de monóxido de carbono, Bañera o ducha, Canales vía satélite, Guardaequipaje, Suelo de madera o parquet, Zapatillas, Escritorio, Secador de pelo, Secadora de ropa, Plancha para ropa, Calefacción, TV, Artículos de aseo gratis, Cama plegable, Canales de pago, Armenio, WiFi gratis, Nevera, Habitaciones insonorizadas, Utensilios de planchado, Zona de fumadores, Mosquitera, Detectores de humo, Baño privado, Llave de acceso, Toda la unidad accesible en silla de ruedas, Habitaciones familiares, Toallas, Teléfono, Inglés, Traslado aeropuerto, Vistas, Insonorización, Armario, Canales por cable, Habitaciones sin humo, Accesible para personas sordas, Tendedero, Parking gratis, Cámaras de seguridad fuera del alojamiento, WC, Cambio de moneda, Registro de entrada y salida exprés, Ropa de cama, Servicio de despertador",Sevan,Armenia,"ARAGAST HOTEL & BREWERY пивоварня ofrece alojamiento en Sevan. El alojamiento ofrece recepción 24 horas, traslado para ir o volver del aeropuerto, cajero automático y wifi gratis.

En la posada u hostería, todas las habitaciones tienen escritorio, TV de pantalla plana, baño privado, ropa de cama y toallas. Todas las unidades cuentan con nevera.

El aeropuerto (Aeropuerto Internacional de Zvartnots) está a 72 km."
Black Diamond Sevan,US$99,"9,3",Fantástico,31,https://cf.bstatic.com/xdata/images/hotel/max1024x768/486759236.webp?k=d68f4a0eed670a9d4e33338ae75af390c2725ea7413425aba67821b11242e88b&o=,https://www.booking.com/hotel/am/diamond-sevan.es.html?aid=2410095,"Ruso, Ducha, TV de pantalla plana, Toallas / sábanas (por un suplemento), Bañera, Vistas al lago, Papel higiénico, Bañera o ducha, Entrada privada, Zapatillas, Tetera / cafetera, Secador de pelo, Playa, Vistas a la montaña, Prohibido fumar en todo el alojamiento, Calefacción, TV, Aire acondicionado, Cocina, WiFi gratis, Nevera, Sofá cama, Fogones, Mesa de comedor, Detectores de humo, Baño privado, Enchufe cerca de la cama, Toallas, Vistas, Terraza / solárium, Sofá, Microondas, Hervidor eléctrico, Zona de cocina, WC, Horno, Ropa de cama",Sevan,Armenia,"Black Diamond Sevan se encuentra en Sevan. Este apartamento con vistas a la montaña y al lago también tiene wifi gratis.

Este apartamento consta de 1 dormitorio, una sala de estar, una cocina totalmente equipada con nevera y hervidor, y 1 baño con ducha y secador de pelo. Hay toallas y ropa de cama en el apartamento.

En el apartamento se puede usar la terraza solárium.

El aeropuerto más cercano (Aeropuerto Internacional de Zvartnots) está a 77 km."
Noy Land Resort,US$114,"8,5",Muy bien,588,https://cf.bstatic.com/xdata/images/hotel/max1024x768/226462750.webp?k=8b458a78658be63bc2c2285a9a28f4772f4bb300a93ac23afb195bd15ef37c6a&o=,https://www.booking.com/hotel/am/noy-land-resort.es.html?aid=2410095,"Zona de estar, Ducha, Ruso, Terraza, TV de pantalla plana, Jardín, Perchero, Senderismo, Recepción 24 horas, Papel higiénico, Sauna, Canales vía satélite, Zapatillas, Secador de pelo, Playa, Equitación, Registro de entrada / salida privado, Situado frente a la playa, Calefacción, Artículos de aseo gratis, De temporada, Piscina al aire libre, Armenio, WiFi gratis, Buen desayuno, Barbacoa, Nevera, Información turística, Zona de juegos para niños, Mosquitera, Instalaciones para deportes acuáticos en el alojamiento, Salas de reuniones / banquetes, Servicio de limpieza diario, Equipamiento de juegos para exterior, Restaurante, Baño privado, Habitaciones familiares, Toallas, Teléfono, Zona privada de playa, Inglés, Ping pong, Traslado aeropuerto, Snack-bar, Vistas, Terraza / solárium, Armario, Habitaciones sin humo, Sofá, Parking gratis, Hervidor eléctrico, WC, Servicio de traslado, Ropa de cama",Sevan,Armenia,"El Noy Land Resort está situado a orillas del lago Sevan y cuenta con piscina de temporada al aire libre y sauna. El complejo cuenta con zona de barbacoa y restaurante. Hay aparcamiento privado gratuito en el establecimiento.

Algunos alojamientos tienen zona de estar. Hay balcón o patio. Cada habitación tiene un baño privado. El Noy Land Resort ofrece WiFi gratuita en todas las instalaciones. Se ofrece TV de pantalla plana.

Este establecimiento dispone de consigna de equipaje. En la zona se pueden realizar diversas actividades, como equitación, snorkel y windsurf.

El aeropuerto internacional de Zvartnots se encuentra a 79 km del Noy Land Resort."
Hotel New Star,US$24,"7,8",Bien,13,https://cf.bstatic.com/xdata/images/hotel/max1024x768/212124672.webp?k=8b0146c72e59c4397f0c9339c4e8c200f265537febfcd6192c55ba4a41ec8354&o=,https://www.booking.com/hotel/am/hostel-new-star.es.html?aid=2410095,"Ruso, Cocina compartida, Terraza, Baño privado, Parking gratis, WiFi gratis, Ropa de cama",Sevan,Armenia,"Hotel New Star está en Sevan y ofrece alojamiento con wifi gratis y parking privado gratis.

En el apartamento, la clientela puede usar la terraza.

El aeropuerto más cercano (Aeropuerto Internacional de Zvartnots) está a 73 km."
Armen's B&B,US$24,"8,4",Muy bien,75,https://cf.bstatic.com/xdata/images/hotel/max1024x768/324877239.webp?k=bd75da3acca7e32b688aee7fca00a1772c0a475831bf69f11e45f28764e1d6c8&o=,https://www.booking.com/hotel/am/armen-39-s-b-amp-b-sevan.es.html?aid=2410095,"Servicio de habitaciones, Ducha, Servicio de limpieza en seco, Ruso, Desayuno, Terraza, Balcón, Jardín, TV de pantalla plana, Menú para niños, Recepción 24 horas, Zona TV / salón de uso compartido, Seguridad 24 horas, Zona de pícnic, Fruta, Papel higiénico, Chimenea exterior, Zona de juegos interior, Tetera / cafetera, Secador de pelo, Servicio de lavandería, Secadora de ropa, Registro de entrada / salida privado, Prohibido fumar en todo el alojamiento, Barandillas protectoras para bebés, Calefacción, Artículos de aseo gratis, Entretenimiento nocturno, Armenio, WiFi gratis, Barbacoa, Nevera, Zona de comedor, Servicio de planchado, Zona de fumadores, Equipamiento de juegos para exterior, Servicio de limpieza diario, Habitaciones familiares, Toallas, Inglés, Utensilios de cocina, Cochecitos de bebé, Terraza / solárium, Mobiliario exterior, Armario, Habitaciones sin humo, Cocina compartida, Menús para dietas especiales (bajo petición), Hervidor eléctrico, WC",Sevan,Armenia,"Armen's B&B está en Sevan y ofrece jardín, wifi gratis, cocina compartida y salón de uso común. Esta habitación en casa particular tiene acceso a un balcón.

La habitación en casa particular dispone de TV de pantalla plana.

El personal de recepción habla inglés, armenio y ruso, y está siempre dispuesto a echar una mano.

Hay terraza y barbacoa en la habitación en casa particular.

El aeropuerto (Aeropuerto Internacional de Zvartnots) está a 72 km."
Тигран,US$21,ver...,,ver...,https://cf.bstatic.com/xdata/images/hotel/max1024x768/532833290.webp?k=461c60256fe62c69ed3ff664e40f82fc8b4fff28f67bd894ad005ddddb393524&o=,https://www.booking.com/hotel/am/tigran-sevan.es.html?aid=2410095,"Ruso, Ducha, Terraza, Jardín, Papel higiénico, Secador de pelo, Vistas a la montaña, Calefacción, WiFi gratis, Nevera, Zona de comedor, Mesa de comedor, Baño privado, Toallas, Inglés, Utensilios de cocina, Vistas, Armario, Parking gratis, Hervidor eléctrico, WC, Ropa de cama",Sevan,Armenia,"Тигран está en Sevan y ofrece jardín. Hay terraza, wifi gratis y parking privado gratis.

En el hostal o pensión, las habitaciones están equipadas con armario. Las habitaciones del alojamiento tienen baño privado con ducha y secador de pelo, y también cuentan con vistas a la montaña. En Тигран, las habitaciones cuentan con ropa de cama y toallas.

El aeropuerto (Aeropuerto Internacional de Zvartnots) está a 70 km."
Tsaghkunk Chef house,US$56,"9,4",Fantástico,85,https://cf.bstatic.com/xdata/images/hotel/max1024x768/485268716.webp?k=210240fc4c88c0661f58bb186c775c210fd733539cb3242c490f30400d903ccf&o=,https://www.booking.com/hotel/am/tsaghkunk-chef-house.es.html?aid=2410095,"Menú para niños, Papel higiénico, Guardaequipaje, Secador de pelo, Servicio de lavandería, Sombrillas, Secadora de ropa, Extintores, Artículos de aseo gratis, Armenio, Barbacoa, Escuela de esquí, Cafetería en el alojamiento, Habitaciones insonorizadas, Zona de fumadores, Zona de juegos para niños, Utensilios de planchado, Noches de cine, Clases de cocina, Detectores de humo, Albornoz, Sala de juegos, Sofá, Tendedero, Pesca, Protector de enchufes para niños, Submarinismo, Buffet para niños, Ciclismo, Zona de estar, Ducha, Tour o clase sobre cultura local, Desayuno, Peluquería / salón de belleza, Balcón, Wifi buena gratis (35 Mbps), Perchero, Senderismo, Zona de pícnic, Juegos de mesa / puzles, Zona de juegos interior, Escritorio, Registro de entrada / salida privado, Barandillas protectoras para bebés, Barandillas de seguridad para bebés, Calefacción, Cama plegable, Galerías de arte temporales, Entretenimiento nocturno, Eventos deportivos en directo (emisión), Capilla, Alquiler de bicicletas, Equipamiento de juegos para exterior, Enchufe cerca de la cama, Aseo adicional, Almuerzos para llevar, Tours en bici, Habitaciones familiares, Lavadora, Tarjetas de transporte público, Cochecitos de bebé, Ventilador, Vistas, Armario, Vistas al jardín, Cocina compartida, Supermercado pequeño en el alojamiento, Equipamiento de tenis, Hervidor eléctrico, Máquina expendedora (bebidas), WC, Fax / fotocopiadora, Servicio de traslado, Ruso, TV de pantalla plana, Recepción 24 horas, Zona TV / salón de uso compartido, Fruta, Detector de monóxido de carbono, Chimenea exterior, Zapatillas, Vistas a la montaña, Equitación, Servicio de planchado, Sofá cama, Servicio de despertador / alarma, Clases de yoga, Servicio de limpieza diario, Llave de acceso, Baño privado, Toallas, Inglés, Ping pong, Traslado aeropuerto, Insonorización, Plancha para pantalones, Menús para dietas especiales (bajo petición), Cámaras de seguridad fuera del alojamiento, Vino / champán, Canguro / servicios para niños, Registro de entrada y salida exprés, Ropa de cama, Servicio de habitaciones, Vestidor, Servicio de limpieza en seco, Terraza, Jardín, Seguridad 24 horas, Cámaras de seguridad en las zonas comunitarias, Bañera o ducha, Alquiler de coches, Guardaesquíes, Vistas a un patio interior, Suelo de madera o parquet, Caja fuerte, Cenas temáticas, Plancha para ropa, Aire acondicionado, Chimenea, Nevera, Información turística, Esquí, Salas de reuniones / banquetes, Bar, Mesa de comedor, Restaurante, Taquillas, Terraza / solárium, Mobiliario exterior, Ruta de bares, Habitaciones sin humo, Happy hour, Parking gratis, Piscina infantil, Música / espectáculos en directo, Tours a pie, Alarma de seguridad, Equipamiento de bádminton",Sevan,Armenia,"Tsaghkunk Chef house está en Sevan y ofrece vistas a la montaña, bicicletas gratis, jardín, salón de uso común, terraza y restaurante. En el bed and breakfast, tanto el wifi como el parking privado son gratis.

Las unidades están equipadas con balcón y ofrecen aire acondicionado, TV de pantalla plana y baño privado con ducha y artículos de aseo gratuitos. También hay nevera y hervidor.

Tsaghkunk Chef house ofrece zona de juegos infantil.

En el alojamiento, la clientela puede jugar al ping-pong en el propio alojamiento o practicar esquí o ciclismo en los alrededores.

El aeropuerto (Aeropuerto Internacional de Zvartnots) está a 71 km, y el alojamiento ofrece servicio de traslado de pago para ir o volver del aeropuerto."
Norik's Guest House,US$12,"9,1",Fantástico,130,https://cf.bstatic.com/xdata/images/hotel/max1024x768/345106511.webp?k=b0e5ac53f04345b5ae23236689c3f10783635f90719fd3903686dc9f3e9db78e&o=,https://www.booking.com/hotel/am/norik-guest-house.es.html?aid=2410095,"Ruso, Habitaciones sin humo, Terraza, Jardín, Parking gratis, Habitaciones familiares, Armenio, Inglés, Muy buen desayuno",Sevan,Armenia,"Norik's Guest House se encuentra en Sevan y dispone dejardín y terraza. El hostal o pensión tiene habitaciones familiares.

El aeropuerto más cercano (Aeropuerto Internacional de Zvartnots) está a 72 km del alojamiento."
Севан 3 Ветерок,US$25,ver...,,ver...,https://cf.bstatic.com/xdata/images/hotel/max1024x768/533247414.webp?k=4f4b0c40a9ada821f923b5ee4ace3e3672cc5a92ae8476224ee8f2a1af928a92&o=,https://www.booking.com/hotel/am/sevan-3-veterok.es.html?aid=2410095,"Servicio de habitaciones, Ducha, Ruso, Desayuno, Traslado aeropuerto (gratis), Balcón, Terraza, Toallas / sábanas (por un suplemento), Jardín, Perchero, TV de pantalla plana, Recepción 24 horas, Vistas al lago, Papel higiénico, Zapatillas, Escritorio, Secador de pelo, Tetera / cafetera, Playa, Prohibido fumar en todo el alojamiento, Calefacción, Artículos de aseo gratis, WiFi gratis, Bar, Mesa de comedor, Baño privado, Habitaciones familiares, Toallas, Inglés, Traslado aeropuerto, Ventilador, Vistas, Armario, Habitaciones sin humo, Parking gratis, Hervidor eléctrico, WC, Ropa de cama, Servicio de despertador",Sevan,Armenia,"Севан 3 Ветерок tiene jardín, terraza, restaurante y bar en Sevan. Este hotel de 3 estrellas ofrece servicio de habitaciones, recepción 24 horas y wifi gratis. El hotel dispone de habitaciones familiares.

En el hotel, cada habitación dispone de escritorio, TV de pantalla plana, baño privado, ropa de cama, toallas y un balcón con vistas al lago. Todas las habitaciones cuentan con armario y hervidor.

En Севан 3 Ветерок se sirve cada mañana un desayuno a la carta.

El aeropuerto (Aeropuerto Internacional de Zvartnots) está a 77 km."
Sargsyan ECO house,US$50,"9,8",Excepcional,92,https://cf.bstatic.com/xdata/images/hotel/max1024x768/409043131.webp?k=ffc27a6001c3b28bebbbf690b87455e60b5b8cc7f3d8ca34afd6df7e31784a8b&o=,https://www.booking.com/hotel/am/sargsyan-eco-house.es.html?aid=2410095,"Vestidor, Ducha, Ruso, Desayuno, TV de pantalla plana, Terraza, Perchero, Jardín, Recepción 24 horas, Acceso a pisos superiores solo mediante escaleras, Papel higiénico, Bañera o ducha, Guardaequipaje, Entrada privada, Suelo de madera o parquet, Escritorio, Zapatillas, Secador de pelo, Hipoalergénico, Vistas a la montaña, Plancha para ropa, Prohibido fumar en todo el alojamiento, Calefacción, TV, Artículos de aseo gratis, Cama plegable, Proporciona factura, Armenio, WiFi gratis, Utensilios de planchado, Barbacoa, Habitaciones insonorizadas, Mosquitera, Servicio de limpieza diario, Restaurante, Detectores de humo, Baño privado, Llave de acceso, Habitaciones familiares, Habitaciones hipoalergénicas, Inglés, Traslado aeropuerto, Insonorización, Vistas, Armario, Canales por cable, Vistas al jardín, Habitaciones sin humo, Cocina compartida, Parking gratis, WC, Registro de entrada y salida exprés, Servicio de traslado",Sevan,Armenia,"Sargsyan ECO house está en Sevan y ofrece vistas a la montaña, jardín, terraza y restaurante. Hay wifi gratis.

El apartahotel ofrece TV de pantalla plana y baño privado con artículos de aseo gratuitos, secador de pelo y ducha.

El aeropuerto más cercano (Aeropuerto Internacional de Zvartnots) está a 71 km del alojamiento, que ofrece servicio de traslado de pago para ir o volver del aeropuerto."
Sevan Garden Complex,US$20,"8,7",Fabuloso,101,https://cf.bstatic.com/xdata/images/hotel/max1024x768/507188669.webp?k=efd501f8d781023038b60be521c89093d058c6f42c3bb21501c7944cf428fec1&o=,https://www.booking.com/hotel/am/sevan-garden-complex.es.html?aid=2410095,"Servicio de habitaciones, Ducha, Zona de estar, Ruso, Desayuno, Recepción 24 horas, Jardín, Perchero, Toallas / sábanas (por un suplemento), Bañera, Peluquería / salón de belleza, Seguridad 24 horas, Acceso a pisos superiores solo mediante escaleras, Papel higiénico, Chimenea exterior, Bañera o ducha, Juegos de mesa / puzles, Entrada privada, Suelo de madera o parquet, Zapatillas, Escritorio, Secador de pelo, Tetera / cafetera, Servicio de lavandería, Plancha para ropa, Registro de entrada / salida privado, Tostadora, Barandillas de seguridad para bebés, Extintores, Calefacción, Artículos de aseo gratis, Entretenimiento nocturno, Zona de comedor exterior, WiFi gratis, Tetera/cafetera en todas las habitaciones, Barbacoa, Nevera, Desayuno en la habitación, Sofá cama, Libros, DVD o música para niños, Trona, Servicio de planchado, Salas de reuniones / banquetes, Zona de fumadores, Toda la unidad en la planta baja, Fogones, Mesa de comedor, Restaurante, Suelo de baldosa / mármol, Toda la unidad accesible en silla de ruedas, Habitaciones familiares, Toallas, Inglés, Traslado aeropuerto, Utensilios de cocina, Vistas, Parking adaptado para personas de movilidad reducida, Sala de juegos, Mobiliario exterior, Insonorización, Vistas al jardín, Habitaciones sin humo, Suelo de moqueta, Cocina compartida, Supermercado pequeño en el alojamiento, Parking gratis, Hervidor eléctrico, Zona de cocina, Equipamiento de tenis, WC, Cámaras de seguridad fuera del alojamiento, Utensilios de planchado, Servicio de traslado, Ropa de cama",Sevan,Armenia,"Sevan Garden Complex se encuentra en Sevan. Todas las opciones de alojamiento de este hotel de 3 estrellas tienen vistas al jardín, jardín y restaurante. El alojamiento ofrece recepción 24 horas, traslado para ir o volver del aeropuerto, cocina compartida y wifi gratis en todo el alojamiento.

Todas las unidades incluyen nevera, fogones, hervidor, ducha, artículos de aseo gratuitos y escritorio. En el hotel, todas las habitaciones cuentan con ropa de cama y toallas.

El aeropuerto más cercano (Aeropuerto Internacional de Zvartnots) está a 73 km."
Nina BNB,US$27,"9,0",Fantástico,21,https://cf.bstatic.com/xdata/images/hotel/max1024x768/181432124.webp?k=81621be68206d58ff3ecbd623b015b21d904080e0d070826906879d5892633b5&o=,https://www.booking.com/hotel/am/nina-bnb.es.html?aid=2410095,"Zona de estar, Ruso, Productos de limpieza, Desayuno, TV de pantalla plana, Peluquería / salón de belleza, Perchero, Bañera, Alemán, Papel higiénico, Bañera o ducha, Vistas a un patio interior, Suelo de madera o parquet, Tetera / cafetera, Secador de pelo, Baño compartido, Playa, Plancha para ropa, Situado frente a la playa, TV, Vistas a la ciudad, Calefacción, WiFi gratis, Aseo compartido, Zona de fumadores, Detectores de humo, Habitaciones familiares, Toallas, Vistas, Camas extralargas (más de 2 metros), Armario, Vistas al jardín, Canales por cable, Habitaciones sin humo, Suelo de moqueta, Cocina compartida, Supermercado pequeño en el alojamiento, Hervidor eléctrico, WC, Toda la unidad en la planta baja",Sevan,Armenia,"Nina BNB se encuentra en Sevan. Esta habitación en casa particular ofrece cocina compartida y wifi gratis.

La habitación en casa particular tiene TV de pantalla plana por cable.

El aeropuerto más cercano (Aeropuerto Internacional de Zvartnots) está a 72 km."
Guest House Sevan,US$26,"9,2",Fantástico,4,https://cf.bstatic.com/xdata/images/hotel/max1024x768/387887275.webp?k=f76f891a5e0756f758d7fb11ea0ec057b4f97e460706a4ecb512f4a4bf8260e0&o=,https://www.booking.com/hotel/am/guest-house-sevan-sevan.es.html?aid=2410095,"Ruso, Ducha, Productos de limpieza, Jardín, Perchero, Senderismo, Zona de pícnic, Papel higiénico, Bañera o ducha, Suelo de madera o parquet, Tetera / cafetera, Secador de pelo, Vistas a la montaña, Plancha para ropa, Prohibido fumar en todo el alojamiento, Calefacción, Artículos de aseo gratis, Armenio, WiFi gratis, Tetera/cafetera en todas las habitaciones, Nevera, Zona de comedor, Utensilios de planchado, Mesa de comedor, Enchufe cerca de la cama, Habitaciones familiares, Toallas, Inglés, Utensilios de cocina, Vistas, Mobiliario exterior, Vistas al jardín, Habitaciones sin humo, Cocina compartida, Tendedero, Parking gratis, Hervidor eléctrico, Pesca, WC, Ropa de cama",Sevan,Armenia,"Guest House Sevan, que tiene jardín, está en Sevan. El hostal o pensión también dispone de wifi gratis y parking privado gratis.

Todas las habitaciones de este alojamiento están equipadas con hervidor. En el hostal o pensión, cada habitación dispone de ropa de cama y toallas.

La clientela puede practicar actividades en Sevan y alrededores, como pesca.

El aeropuerto (Aeropuerto Internacional de Zvartnots) está a 75 km."
Lovely two bedrooms apartment in center Sevan,US$32,ver...,,ver...,https://cf.bstatic.com/xdata/images/hotel/max1024x768/427721701.webp?k=b67a1259d13f61fe85936474e768c35156d5924216cd443f72bcaff42867f987&o=,https://www.booking.com/hotel/am/lovely-one-bedroom-apartment-in-center-sevan.es.html?aid=2410095,"Ruso, Ducha, Productos de limpieza, Apartamento privado en edificio, TV de pantalla plana, Balcón, Perchero, Polaco, Papel higiénico, Bañera o ducha, Canales vía satélite, Suelo de madera o parquet, Escritorio, Secador de pelo, Plancha para ropa, Prohibido fumar en todo el alojamiento, Calefacción, Vistas a la ciudad, Cocina, WiFi gratis, Nevera, Sofá cama, Fogones, Mesa de comedor, Toallas, Inglés, Lavadora, Utensilios de cocina, Sofá, Suelo de moqueta, Microondas, Parking gratis, Hervidor eléctrico, WC, Horno, Ropa de cama",Sevan,Armenia,"Lovely two bedrooms apartment in center Sevan se encuentra en Sevan. Este alojamiento con vistas a la ciudad ofrece balcón.

El apartamento de 1 dormitorio cuenta con sala de estar con TV de pantalla plana vía satélite y cocina totalmente equipada con nevera. Hay toallas y ropa de cama en el apartamento.

El aeropuerto más cercano (Aeropuerto Internacional de Zvartnots) está a 72 km."
Mini Hotel Sevan,US$25,"5,5",Puntuación,34,https://cf.bstatic.com/xdata/images/hotel/max1024x768/263332981.webp?k=9f263a1f76c7ddb46a778f01d0003e93148c6f1cbfcefd5d6ca21d334367a9ba&o=,https://www.booking.com/hotel/am/mini-sevan-sevan.es.html?aid=2410095,"Ruso, Ducha, Terraza, TV de pantalla plana, Jardín, Perchero, Bañera, Senderismo, Recepción 24 horas, Cajero automático en el hotel, Peluquería / salón de belleza, Zona de pícnic, Cámaras de seguridad en las zonas comunitarias, Vistas al lago, Papel higiénico, Bañera o ducha, Alarma de seguridad, Baño al aire libre, Tetera / cafetera, Secador de pelo, Hipoalergénico, Vistas a la montaña, Playa, Registro de entrada / salida privado, Prohibido fumar en todo el alojamiento, Plancha para ropa, Extintores, TV, Artículos de aseo gratis, Vistas a la ciudad, Cama plegable, Proporciona factura, Calefacción, Aire acondicionado, Armenio, Tetera/cafetera en todas las habitaciones, Habitaciones insonorizadas, Zona de fumadores, Toda la unidad en la planta baja, Parking en la calle, Servicio de limpieza diario, Detectores de humo, Baño privado, Enchufe cerca de la cama, Llave de acceso, Suelo de baldosa / mármol, Toda la unidad accesible en silla de ruedas, Habitaciones familiares, Toallas, Taquillas, Inglés, Traslado aeropuerto, Utensilios de cocina, Ventilador, Insonorización, Armario, Canales por cable, Habitaciones sin humo, Supermercado pequeño en el alojamiento, Parking gratis, Hervidor eléctrico, Cámaras de seguridad fuera del alojamiento, WC, Minibar, Registro de entrada y salida exprés, Servicio de traslado, Ropa de cama",Sevan,Armenia,"Mini Hotel Sevan se encuentra en Sevan y dispone de jardín. La posada u hostería ofrece vistas a la ciudad, terraza y recepción 24 horas.

En la posada u hostería, todas las habitaciones incluyen armario. Las habitaciones del alojamiento tienen baño privado con ducha y artículos de aseo gratuitos, además de TV de pantalla plana y aire acondicionado. Algunas de las habitaciones tienen zona de estar. En Mini Hotel Sevan, todas las habitaciones están equipadas con ropa de cama y toallas.

El aeropuerto (Aeropuerto Internacional de Zvartnots) está a 72 km, y el alojamiento ofrece servicio de traslado de pago para ir o volver del aeropuerto."
Sevan Island Cottage,US$62,"7,3",Bien,3,https://cf.bstatic.com/xdata/images/hotel/max1024x768/503960259.webp?k=bcc8018f7ee8f5ea0fe6f03aa96c2f491d2d27d7c08719df05e1ff3f8e1183d7&o=,https://www.booking.com/hotel/am/sevan-island-cottage.es.html?aid=2410095,"Papel higiénico, Secador de pelo, Sombrillas, Extintores, Artículos de aseo gratis, Cocina, Zona de comedor, Utensilios de planchado, Barbacoa, Habitaciones insonorizadas, Zona de fumadores, Francés, Sofá, Tendedero, Zona de estar, Ducha, Balcón, Perchero, Zona de pícnic, Vistas al lago, Alemán, Juegos de mesa / puzles, Escritorio, Tetera / cafetera, Calefacción, Cama plegable, Zona de comedor exterior, WiFi gratis, Equipamiento de juegos para exterior, Enchufe cerca de la cama, Habitaciones familiares, Lavadora, Independiente, Vistas, Armario, Vistas al jardín, Suelo de moqueta, Hervidor eléctrico, WC, Servicio de traslado, Ruso, Productos de limpieza, TV de pantalla plana, Detector de monóxido de carbono, Bidet, Chimenea exterior, Vistas a un lugar de interés, Cafetera, Zapatillas, Reloj despertador, Playa, Vistas a la montaña, Sofá cama, Servicio de despertador / alarma, Baño privado, Toallas, Zona privada de playa, Inglés, Traslado aeropuerto, Utensilios de cocina, Insonorización, Horno, Toda la unidad en la planta baja, Ropa de cama, Vestidor, Terraza, Jardín, Bañera o ducha, Entrada privada, Vistas a un patio interior, Suelo de madera o parquet, Plancha para ropa, Situado frente a la playa, TV, Aire acondicionado, Chimenea, Nevera, Mosquitera, Fogones, Mesa de comedor, Vistas al mar, Taquillas, Terraza / solárium, Mobiliario exterior, Habitaciones sin humo, Parking gratis, Zona de cocina, Servicio de despertador, Equipamiento de bádminton",Sevan,Armenia,"Sevan Island Cottage está en Sevan y ofrece terraza y zona de playa privada. Esta villa tiene jardín, zona de barbacoa, wifi gratis y parking privado gratis.

Esta villa con aire acondicionado consta de 2 dormitorios, una sala de estar, una cocina totalmente equipada con nevera y cafetera, y 1 baño con bidet y ducha. Hay toallas y ropa de cama en la villa.

El aeropuerto (Aeropuerto Internacional de Zvartnots) está a 77 km, y el alojamiento ofrece servicio de traslado de pago para ir o volver del aeropuerto."
VILLA VIP,US$87,"8,9",Fabuloso,42,https://cf.bstatic.com/xdata/images/hotel/max1024x768/495806484.webp?k=264c153c2903cb72d0f4e499a8dd8ef785ff39b4575080a628f7369991ce48e0&o=,https://www.booking.com/hotel/am/villa-vip.es.html?aid=2410095,"Ruso, Ducha, TV de pantalla plana, Terraza, Jardín, Vistas al lago, Papel higiénico, Bañera o ducha, Alquiler de coches, Entrada privada, Playa, Situado frente a la playa, TV, Artículos de aseo gratis, Cocina, Calefacción, Armenio, WiFi gratis, Nevera, Zona de comedor, Barbacoa, Sofá cama, Toda la unidad en la planta baja, Patio, Fogones, Adaptado personas de movilidad reducida, Baño privado, Toda la unidad accesible en silla de ruedas, Toallas, Zona privada de playa, Lavadora, Independiente, Inglés, Traslado aeropuerto, Utensilios de cocina, Vistas, Armario, Vistas al jardín, Sofá, Tendedero, Supermercado pequeño en el alojamiento, Parking gratis, Hervidor eléctrico, Tumbonas/sillas de playa, WC, Horno, Ropa de cama",Sevan,Armenia,"VILLA VIP se encuentra en Sevan y ofrece jardín y zona de playa privada. Este alojamiento frente a la playa ofrece parking privado gratis, wifi gratis y acceso a un patio.

La villa cuenta con terraza y vistas al lago, y dispone de 2 dormitorios, una sala de estar, TV de pantalla plana, una cocina equipada con nevera y horno, y 1 baño con ducha. Hay toallas y ropa de cama en la villa.

La villa ofrece servicio de alquiler de coches.

El aeropuerto más cercano (Aeropuerto Internacional de Zvartnots) está a 73 km del alojamiento, que ofrece servicio de traslado de pago para ir o volver del aeropuerto."
Orsetto,US$62,"7,7",Bien,67,https://cf.bstatic.com/xdata/images/hotel/max1024x768/262650936.webp?k=e90a1710e8711603e7cd5f6c90b319447e0f58074fb65c489a0c18053c285517&o=,https://www.booking.com/hotel/am/orsetto-sevan1.es.html?aid=2410095,"Servicio de habitaciones, Bar, Habitaciones sin humo, Ruso, Restaurante, Playa, Desayuno, Terraza, Jardín, Parking gratis, Situado frente a la playa, Recepción 24 horas, Habitaciones familiares, Zona privada de playa, WiFi gratis, Inglés, Traslado aeropuerto",Sevan,Armenia,"Orsetto ofrece alojamiento de 5 estrellas en Sevan, frente a la playa, y dispone de jardín, terraza y restaurante. El alojamiento ofrece recepción 24 horas, traslado para ir o volver del aeropuerto, servicio de habitaciones y wifi gratis en todo el alojamiento.

El aeropuerto más cercano (Aeropuerto Internacional de Zvartnots) está a 76 km del alojamiento."
Bedroom Lake Sevan Hostel,US$27,"8,2",Muy bien,5,https://cf.bstatic.com/xdata/images/hotel/max1024x768/518772392.webp?k=71d494108523bd5f5d992a9e582531950c0e8e7609001ca1eeb45db816a02540&o=,https://www.booking.com/hotel/am/room-in-lake-sevan-hostel-sevan.es.html?aid=2410095,"Zona de estar, Ducha, Ruso, Desayuno, Terraza, Jardín, Perchero, TV de pantalla plana, Wifi rápida gratis (137 Mbps), Papel higiénico, Bañera o ducha, Canales vía satélite, Vistas a un patio interior, Suelo de madera o parquet, Escritorio, Secador de pelo, Caja fuerte, Plancha para ropa, Tostadora, Calefacción, TV, Artículos de aseo gratis, Cocina, Cama plegable, Zona de comedor exterior, Aire acondicionado, Armenio, Barbacoa, Aseo compartido, Nevera, Zona de comedor, Sofá cama, Toda la unidad en la planta baja, Alquiler de bicicletas, Fogones, Mesa de comedor, Habitaciones familiares, Toallas, Inglés, Ventilador, Vistas, Insonorización, Armario, Canales por cable, Vistas al jardín, Habitaciones sin humo, Sofá, Tendedero, Parking gratis, Hervidor eléctrico, Zona de cocina, WC, Ropa de cama",Sevan,Armenia,"Bedroom Lake Sevan Hostel, que tiene terraza, dispone de alojamiento en Sevan con wifi gratis y vistas al jardín. Este tented camp tiene jardín y parking privado gratis.

Este tented camp tiene aire acondicionado y incluye zona de estar, cocina con nevera y TV de pantalla plana vía satélite. Hay toallas y ropa de cama en el tented camp.

El tented camp ofrece servicio de alquiler de bicicletas.

El aeropuerto (Aeropuerto Internacional de Zvartnots) está a 73 km."
Sevan Backstage Garden,US$32,"8,2",Muy bien,31,https://cf.bstatic.com/xdata/images/hotel/max1024x768/201688157.webp?k=f31187ad0bc4af95be319db2acad89d14f51bee73eccb108e1864712db944d53&o=,https://www.booking.com/hotel/am/sevan-backstage-garden.es.html?aid=2410095,"Menú para niños, Papel higiénico, Secador de pelo, Servicio de lavandería, Extintores, Artículos de aseo gratis, Armenio, Barbacoa, Zona de comedor, Servicio de entrega de comestibles, Habitaciones insonorizadas, Zona de fumadores, Detectores de humo, Tendedero, Ducha, Desayuno, Peluquería / salón de belleza, Perchero, Cajero automático en el hotel, Zona de pícnic, Juegos de mesa / puzles, Escritorio, Tetera / cafetera, Baño compartido, Calefacción, Entretenimiento nocturno, WiFi gratis, Equipamiento de juegos para exterior, Adaptado personas de movilidad reducida, Enchufe cerca de la cama, Habitaciones familiares, Vistas, Armario, Vistas al jardín, Supermercado pequeño en el alojamiento, Equipamiento de tenis, Hervidor eléctrico, WC, Cambio de moneda, Fax / fotocopiadora, Servicio de traslado, Ruso, Productos de limpieza, Recepción 24 horas, Bañera, Chimenea exterior, Vistas a un lugar de interés, Zapatillas, Vistas a la montaña, Servicio de planchado, Desayuno en la habitación, Libros, DVD o música para niños, Patio, Llave de acceso, Baño privado, Toallas, Inglés, Ping pong, Traslado aeropuerto, Utensilios de cocina, Insonorización, Parking adaptado para personas de movilidad reducida, Menús para dietas especiales (bajo petición), Cámaras de seguridad fuera del alojamiento, Horno, Registro de entrada y salida exprés, Ropa de cama, Toda la unidad en la planta baja, Servicio de habitaciones, Servicio de limpieza en seco, Terraza, Jardín, Seguridad 24 horas, Acceso a pisos superiores solo mediante escaleras, Cámaras de seguridad en las zonas comunitarias, Bañera o ducha, Entrada privada, Vistas a un patio interior, Suelo de madera o parquet, Caja fuerte, Plancha para ropa, Proporciona factura, Tetera/cafetera en todas las habitaciones, Nevera, Salas de reuniones / banquetes, Mesa de comedor, Toda la unidad accesible en silla de ruedas, Terraza / solárium, Mobiliario exterior, Habitaciones sin humo, Microondas, Parking gratis, Alarma de seguridad, Servicio de despertador",Sevan,Armenia,"Sevan Backstage Garden se encuentra en Sevan y dispone de zona de barbacoa. Todas las opciones de alojamiento de este hotel de 3 estrellas tienen vistas a la montaña, jardín y terraza. El alojamiento ofrece recepción 24 horas, traslado para ir o volver del aeropuerto, servicio de habitaciones y wifi gratis en todo el alojamiento.

Todas las unidades incluyen nevera, horno, hervidor, ducha, artículos de aseo gratuitos y escritorio. El baño privado está equipado con bañera, secador de pelo y zapatillas. En el hotel, todas las habitaciones tienen baño compartido y ropa de cama.

Puedes jugar al ping-pong en Sevan Backstage Garden.

El aeropuerto más cercano (Aeropuerto Internacional de Zvartnots) está a 73 km."
Sevan Hotel,US$37,"9,0",Fantástico,93,https://cf.bstatic.com/xdata/images/hotel/max1024x768/384581730.webp?k=9b726716cbb8a24830bd914b66bfc95b5c4fa21de1cab9b98ccf3ad526c47159&o=,https://www.booking.com/hotel/am/sevani-hotell.es.html?aid=2410095,"Zona de estar, Ducha, Productos de limpieza, Ruso, TV de pantalla plana, Perchero, Acceso a pisos superiores solo mediante escaleras, Cámaras de seguridad en las zonas comunitarias, Papel higiénico, Bañera o ducha, Entrada privada, Alarma de seguridad, Suelo de madera o parquet, Zapatillas, Tetera / cafetera, Secador de pelo, Plancha para ropa, Calefacción, TV, Artículos de aseo gratis, Vistas a la ciudad, Armenio, WiFi gratis, Nevera, Utensilios de planchado, Sofá cama, Mesa de comedor, Servicio de limpieza diario, Baño privado, Enchufe cerca de la cama, Habitaciones familiares, Toallas, Albornoz, Inglés, Utensilios de cocina, Vistas, Armario, Habitaciones sin humo, Sofá, Tendedero, Microondas, Hervidor eléctrico, Zona de cocina, Cámaras de seguridad fuera del alojamiento, WC, Ropa de cama",Sevan,Armenia,"Sevan Hotel tiene vistas a la ciudad, está en Sevan y ofrece wifi gratis.

Las unidades disponen de suelo de parquet, zona de cocina totalmente equipada con nevera, TV de pantalla plana y baño privado con ducha y artículos de aseo gratuitos. También hay microondas y hervidor.

El aeropuerto más cercano (Aeropuerto Internacional de Zvartnots) está a 72 km."
Sevan EM & YU,US$26,"8,1",Muy bien,39,https://cf.bstatic.com/xdata/images/hotel/max1024x768/155371636.webp?k=7b843952a99d7fb884ce51fb765c10a1a41a97fe7834c7f9d8a6043948c7dbd2&o=,https://www.booking.com/hotel/am/sevan-em-yu.es.html?aid=2410095,"Servicio de habitaciones, Ducha, Vestidor, Zona de estar, Ruso, Terraza, TV de pantalla plana, Balcón, Jardín, Perchero, Senderismo, Recepción 24 horas, Cajero automático en el hotel, Papel higiénico, Bañera o ducha, Guardaesquíes, Entrada privada, Tetera / cafetera, Secador de pelo, Vistas a la montaña, Playa, Plancha para ropa, Barandillas de seguridad para bebés, Calefacción, TV, Artículos de aseo gratis, Vistas a la ciudad, Cama plegable, Zona de comedor exterior, WiFi gratis, Nevera, Servicio de entrega de comestibles, Utensilios de planchado, Sofá cama, Esquí, Fogones, Mesa de comedor, Baño privado, Enchufe cerca de la cama, Habitaciones familiares, Toallas, Traslado aeropuerto, Utensilios de cocina, Vistas, Insonorización, Armario, Vistas al jardín, Sofá, Tendedero, Suelo de moqueta, Parking gratis, Hervidor eléctrico, Zona de cocina, Pesca, WC, Servicio de traslado, Ropa de cama",Sevan,Armenia,"Sevan EM & YU está en Sevan y tiene jardín y restaurante. El alojamiento dispone de recepción 24 horas, traslado para ir o volver del aeropuerto, servicio de habitaciones y wifi gratis en todo el alojamiento.

En la posada u hostería, las habitaciones cuentan con armario, TV de pantalla plana, baño privado, ropa de cama, toallas y una terraza con vistas a la ciudad. Todas las habitaciones cuentan con nevera.

La clientela puede practicar actividades en Sevan y alrededores, como senderismo, esquí y pesca.

El aeropuerto (Aeropuerto Internacional de Zvartnots) está a 73 km."
Milenium magic villa on the beach Sevan,US$61,"9,5",Excepcional,2,https://cf.bstatic.com/xdata/images/hotel/max1024x768/528254401.webp?k=8d2a99058d3661d3302fadafa7274f6c4b477cacd09768b2ca431ee360b05928&o=,https://www.booking.com/hotel/am/milenium-garden-magic-villa-sevan.es.html?aid=2410095,"Papel higiénico, Secador de pelo, Sombrillas, Artículos de aseo gratis, Cocina, Zona de comedor, Utensilios de planchado, Barbacoa, Habitaciones insonorizadas, Francés, Sofá, Tendedero, Zona de estar, Ducha, Balcón, Perchero, Vistas al lago, Juegos de mesa / puzles, Escritorio, Tetera / cafetera, Prohibido fumar en todo el alojamiento, Calefacción, Cama plegable, WiFi gratis, Enchufe cerca de la cama, Habitaciones familiares, Lavadora, Independiente, Vistas, Armario, Vistas al jardín, Suelo de moqueta, Hervidor eléctrico, WC, Servicio de traslado, Ruso, Productos de limpieza, TV de pantalla plana, Detector de monóxido de carbono, Bidet, Vistas a un lugar de interés, Zapatillas, Vistas a la montaña, Sofá cama, Servicio de despertador / alarma, Servicio de limpieza diario, Llave de acceso, Baño privado, Toallas, Inglés, Traslado aeropuerto, Utensilios de cocina, Insonorización, Horno, Toda la unidad en la planta baja, Ropa de cama, Vestidor, Terraza, Jardín, Bañera o ducha, Entrada privada, Suelo de madera o parquet, Plancha para ropa, Tostadora, TV, Aire acondicionado, Nevera, Mosquitera, Mesa de comedor, Vistas al mar, Taquillas, Terraza / solárium, Mobiliario exterior, Canales por cable, Habitaciones sin humo, Microondas, Parking gratis, Zona de cocina, Minibar, Equipamiento de bádminton",Sevan,Armenia,"Milenium magic villa on the beach Sevan, que está en Sevan, tiene aire acondicionado y ofrece alojamiento con balcón. Esta villa tiene jardín, zona de barbacoa, wifi gratis y parking privado gratis.

La villa dispone de una terraza y vistas al mar e incluye 2 dormitorios, sala de estar, TV de pantalla plana por cable, cocina equipada y 1 baño con bidet y ducha. Hay toallas y ropa de cama en la villa.

El aeropuerto (Aeropuerto Internacional de Zvartnots) está a 77 km, y el alojamiento ofrece servicio de traslado de pago para ir o volver del aeropuerto."
ElMar Guesthouse,US$27,"9,0",Fantástico,7,https://cf.bstatic.com/xdata/images/hotel/max1024x768/472776688.webp?k=b5f9ea07cb9265415369985c314db222ef6eaeb94f438f0b52ee50531a06a441&o=,https://www.booking.com/hotel/am/arturs-guesthouse-sevan1.es.html?aid=2410095,"Ruso, Ducha, Terraza, Balcón, Jardín, Papel higiénico, Zapatillas, Tetera / cafetera, Prohibido fumar en todo el alojamiento, Calefacción, Artículos de aseo gratis, WiFi gratis, Nevera, Zona de comedor, Mesa de comedor, Baño privado, Toallas, Inglés, Utensilios de cocina, Vistas, Armario, Parking gratis, WC, Ropa de cama",Sevan,Armenia,"ElMar Guesthouse se encuentra en Sevan y ofrece terraza. Este bed and breakfast dispone de jardín y parking privado gratis.

Hay toallas y ropa de cama en el bed and breakfast.

El aeropuerto más cercano (Aeropuerto Internacional de Zvartnots) está a 71 km."
Nirok,US$39,"9,6",Excepcional,16,https://cf.bstatic.com/xdata/images/hotel/max1024x768/475905384.webp?k=701e889ea457ae8b9af3a08235952368b53d5b3a6d9d4dd0d5502d5a8db641e5&o=,https://www.booking.com/hotel/am/nirok-sevan.es.html?aid=2410095,"Zona de estar, Ducha, Ruso, Desayuno, Terraza, Jardín, Perchero, TV de pantalla plana, Vistas al lago, Papel higiénico, Bañera o ducha, Zapatillas, Playa, Calefacción, Cocina, Armenio, WiFi gratis, Barbacoa, Nevera, Fogones, Mesa de comedor, Enchufe cerca de la cama, Habitaciones familiares, Toallas, Inglés, Vistas, Habitaciones sin humo, Sofá, Parking gratis, Hervidor eléctrico, WC, Ropa de cama",Sevan,Armenia,"Nirok está en Sevan y ofrece alojamiento con wifi gratis y TV de pantalla plana, además de jardín y terraza.

Las unidades tienen cocina totalmente equipada con nevera, hervidor y fogones.

El aeropuerto (Aeropuerto Internacional de Zvartnots) está a 76 km."
Arevik Resort Cottages,US$30,"1,0",Puntuación,1,https://cf.bstatic.com/xdata/images/hotel/max1024x768/477800766.webp?k=c843bd4c14806592330ffef4dd83917b95d02c5b503b7d7d91db3320a3772194&o=,https://www.booking.com/hotel/am/lux-cottages.es.html?aid=2410095,"Vestidor, Ducha, Productos de limpieza, Zona de estar, Ruso, Terraza, TV de pantalla plana, Jardín, Perchero, Recepción 24 horas, Cajero automático en el hotel, Seguridad 24 horas, Zona de pícnic, Cámaras de seguridad en las zonas comunitarias, Papel higiénico, Chimenea exterior, Detector de monóxido de carbono, Canales vía satélite, Alarma de seguridad, Vistas a un patio interior, Entrada privada, Zapatillas, Escritorio, Tetera / cafetera, Caja fuerte, Baño compartido, Vistas a la montaña, Plancha para ropa, Extintores, TV, Aire acondicionado, Cocina, Calefacción, Zona de comedor exterior, Armenio, WiFi gratis, Tetera/cafetera en todas las habitaciones, Barbacoa, Nevera, Zona de comedor, Sofá cama, Zona de fumadores, Utensilios de planchado, Patio, Capilla, Servicio de limpieza diario, Detectores de humo, Llave de acceso, Enchufe cerca de la cama, Suelo de baldosa / mármol, Habitaciones familiares, Toallas, Taquillas, Inglés, Lavadora, Utensilios de cocina, Vistas, Parking adaptado para personas de movilidad reducida, Insonorización, Mobiliario exterior, Armario, Vistas al jardín, Habitaciones sin humo, Sofá, Supermercado pequeño en el alojamiento, Parking gratis, Hervidor eléctrico, Zona de cocina, Cámaras de seguridad fuera del alojamiento, WC, Cambio de moneda, Ropa de cama",Sevan,Armenia,"Arevik Resort Cottages está en Sevan y tiene jardín, zona de barbacoa y wifi gratis en todo el alojamiento. El alojamiento dispone de recepción 24 horas, cajero automático y cambio de moneda.

En el hostal o pensión, las habitaciones tienen aire acondicionado, escritorio, terraza con vistas a la montaña, baño compartido, TV de pantalla plana, ropa de cama y toallas. Todas las habitaciones cuentan con nevera.

El aeropuerto (Aeropuerto Internacional de Zvartnots) está a 78 km."
For the bests,US$40,ver...,,ver...,https://cf.bstatic.com/xdata/images/hotel/max1024x768/529305927.webp?k=c99c2596506fcb7d0f9c25f1eca781a274ebee7dbfec50cd902a63bb756561c6&o=,https://www.booking.com/hotel/am/for-the-bests.es.html?aid=2410095,"Ruso, Habitaciones sin humo, TV de pantalla plana, Terraza, Parking gratis, Calefacción, Aire acondicionado, Cocina, Habitaciones familiares, Inglés, WiFi gratis, Lavadora",Sevan,Armenia,"For the bests está en Sevan y ofrece terraza. Hay parking privado en el propio alojamiento y wifi gratis.

Esta casa o chalet de 1 dormitorio ofrece TV de pantalla plana, aire acondicionado y sala de estar. El alojamiento ofrece cocina.

El aeropuerto más cercano (Aeropuerto Internacional de Zvartnots) está a 73 km."
Krunk Complex,US$43,"6,5",Puntuación,2,https://cf.bstatic.com/xdata/images/hotel/max1024x768/475544981.webp?k=d3a8e3e2cc357d86ffc7da5f01eb3d89b65609ce88327da0f5a10722b10c931d&o=,https://www.booking.com/hotel/am/krunk-complex.es.html?aid=2410095,"Ruso, Ducha, Desayuno, Balcón, Vistas al lago, Papel higiénico, Escritorio, Tetera / cafetera, Árabe, Prohibido fumar en todo el alojamiento, Calefacción, Artículos de aseo gratis, WiFi gratis, Tetera/cafetera en todas las habitaciones, Francés, Baño privado, Habitaciones familiares, Toallas, Inglés, Vistas, Armario, Parking gratis, Hervidor eléctrico, WC",Sevan,Armenia,"Krunk Complex se encuentra en Sevan y ofrece alojamiento de 3 estrellas con restaurante. El hotel dispone de habitaciones familiares.

En el hotel, todas las habitaciones disponen de un balcón con vistas al lago. Las habitaciones de este alojamiento disponen de wifi gratis y de baño privado con ducha y artículos de aseo gratuitos. Todas las unidades cuentan con escritorio y hervidor.

En el alojamiento se puede disfrutar de un desayuno asiático, vegetariano o vegano.

El aeropuerto más cercano (Aeropuerto Internacional de Zvartnots) está a 72 km."
Բնակարան Սևանում,US$21,ver...,,ver...,https://cf.bstatic.com/xdata/images/hotel/max1024x768/530849082.webp?k=0d422585004b7982904f1ecf15add92b288196b9e19164164d74573cce8a819c&o=,https://www.booking.com/hotel/am/bnakaran-sewanowm-sewan.es.html?aid=2410095,"Vistas al jardín, Ruso, TV de pantalla plana, Terraza, Calefacción, Zona de cocina, Cocina, Lavadora",Sevan,Armenia,"Բնակարան Սևանում está en Sevan. El alojamiento ofrece vistas al jardín.

El apartamento tiene terraza, 2 dormitorios, sala de estar y cocina bien equipada. Hay TV de pantalla plana.

El aeropuerto (Aeropuerto Internacional de Zvartnots) está a 73 km."
Wood House Beach-Sevan,US$35,ver...,,ver...,https://cf.bstatic.com/xdata/images/hotel/max1024x768/493586684.webp?k=5332a786737ff455a9924a46f164a5e4da3dcf6d7054b087ca61a4afce1c5848&o=,https://www.booking.com/hotel/am/wood-house-beach-sevan.es.html?aid=2410095,"Ruso, Desayuno, Prohibido fumar en todo el alojamiento, Parking gratis, Zona de cocina, Inglés, WiFi gratis, Vistas",Sevan,Armenia,"Wood House Beach-Sevan está en Sevan. Hay parking privado en el propio alojamiento y wifi gratis.

El alojamiento ofrece zona de cocina.

El aeropuerto (Aeropuerto Internacional de Zvartnots) está a 118 km."
Family house,US$59,"8,6",Fabuloso,7,https://cf.bstatic.com/xdata/images/hotel/max1024x768/510247786.webp?k=b598e7884203350ac8e1d9b90499bf2e211dafbeb281ceaa1e37ef654d39d2e8&o=,https://www.booking.com/hotel/am/dom-sevan5.es.html?aid=2410095,"Vestidor, Ducha, Ruso, Desayuno, Terraza, Balcón, Jardín, TV de pantalla plana, Papel higiénico, Tetera / cafetera, Baño compartido, Prohibido fumar en todo el alojamiento, Calefacción, Artículos de aseo gratis, Proporciona factura, WiFi gratis, Tetera/cafetera en todas las habitaciones, Nevera, Mesa de comedor, Habitaciones familiares, Toallas, Inglés, Utensilios de cocina, Vistas, Camas extralargas (más de 2 metros), Armario, Vistas al jardín, Suelo de moqueta, Parking gratis, Hervidor eléctrico, WC",Sevan,Armenia,"Family house se encuentra en Sevan y dispone de vistas al jardín, wifi gratis y parking privado gratis.

Las unidades están equipadas con terraza y disponen de TV de pantalla plana y baño compartido con ducha y artículos de aseo gratuitos. También se ofrece nevera y hervidor.

Se puede disfrutar de un momento de relax en el jardín del alojamiento.

El aeropuerto más cercano (Aeropuerto Internacional de Zvartnots) está a 71 km del alojamiento."
Port Ayas Resort & Restaurants,US$82,ver...,,ver...,https://cf.bstatic.com/xdata/images/hotel/max1024x768/473401971.webp?k=af0df570f652f7b01d8412c50d7859b6eb01709930cef6fba6566195134a754e&o=,https://www.booking.com/hotel/am/port-ayas-resort-amp-restaurants.es.html?aid=2410095,"Ruso, Tour o clase sobre cultura local, Desayuno, Terraza, Jardín, Seguridad 24 horas, Zona de pícnic, Fruta, 3 restaurantes, Juegos de mesa / puzles, Caja fuerte, Playa, Registro de entrada / salida privado, Calefacción, Aire acondicionado, Armenio, Barbacoa, Cafetería en el alojamiento, Salas de reuniones / banquetes, Clases de cocina, Servicio de limpieza diario, Restaurante, Llave de acceso, Almuerzos para llevar, Habitaciones familiares, Inglés, Terraza / solárium, Habitaciones sin humo, Menús para dietas especiales (bajo petición), Parking gratis, Vino / champán",Sevan,Armenia,"Port Ayas Resort & Restaurants se encuentra en Sevan y dispone de jardín, terraza y restaurante. Algunas habitaciones del alojamiento incluyen un balcón con vistas al mar.

En el hotel se puede disfrutar de un desayuno buffet.

El aeropuerto más cercano (Aeropuerto Internacional de Zvartnots) está a 126 km del alojamiento."
