CIUDAD,PAÍS
Buenos Aires,Argentina
Córdoba,Argentina
Rosario,Argentina
Comodoro Rivadavia,Argentina
San Miguel de Tucumán,Argentina
Mar del Plata,Argentina
Salta,Argentina
San Juan,Argentina
Lanús,Argentina
Florencio Varela,Argentina
Santa Fe,Argentina
Corrientes,Argentina
San Salvador de Jujuy,Argentina
Bahía Blanca,Argentina
Resistencia,Argentina
Posadas,Argentina
Santiago del Estero,Argentina
Paraná,Argentina
Merlo,Argentina
González Catán,Argentina
Neuquén,Argentina
Quilmes,Argentina
Banfield,Argentina
Formosa,Argentina
José C. Paz,Argentina
La Plata,Argentina
Godoy Cruz,Argentina
Isidro Casanova,Argentina
La Rioja,Argentina
Berazategui,Argentina
San Luis,Argentina
José María Ezeiza,Argentina
San Nicolás de los Arroyos,Argentina
Catamarca,Argentina
Río Cuarto,Argentina
San Miguel,Argentina
Concordia,Argentina
Rafael Castillo,Argentina
Florencio Varela,Argentina
San Justo,Argentina
Ituzaingó,Argentina
Temperley,Argentina
Ramos Mejía,Argentina
San Martín,Argentina
Tandil,Argentina
Puerto Madryn,Argentina
Mendoza,Argentina
San Carlos de Bariloche,Argentina
Lomas de Zamora,Argentina
Villa Mercedes,Argentina
Bernal,Argentina
Esteban Echeverría,Argentina
Gualeguaychú,Argentina
San Rafael,Argentina
Castelar,Argentina
La Banda,Argentina
Santa Rosa,Argentina
Libertad,Argentina
Morón,Argentina
Burzaco,Argentina
Zárate,Argentina
Río Gallegos,Argentina
Caseros,Argentina
Villa Luzuriaga,Argentina
Trelew,Argentina
Ciudad General Belgrano,Argentina
Rafaela,Argentina
San Francisco Solano,Argentina
Pergamino,Argentina
Campana,Argentina
Olavarría,Argentina
Monte Chingolo,Argentina
Junín,Argentina
Presidencia Roque Sáenz Peña,Argentina
Luján,Argentina
General Roca,Argentina
Remedios de Escalada,Argentina
Pilar,Argentina
Gobernador Gálvez,Argentina
Necochea,Argentina
Ezpeleta,Argentina
Villa María,Argentina
Villa Celina,Argentina
Venado Tuerto,Argentina
San Ramón de la Nueva Orán,Argentina
Concepción del Uruguay,Argentina
Goya,Argentina
Bella Vista,Argentina
Lomas del Mirador,Argentina
Reconquista,Argentina
Las Heras,Argentina
Oberá,Argentina
Wilde,Argentina
Santo Tomé,Argentina
Villa Carlos Paz,Argentina
Villa Domínico,Argentina
San Francisco,Argentina
Los Polvorines,Argentina
Tartagal,Argentina
Sarandí,Argentina
Viedma,Argentina
San Pedro,Argentina
Punta Alta,Argentina
General Pico,Argentina
Ushuaia,Argentina
Rafael Calzada,Argentina
Azul,Argentina
Chivilcoy,Argentina
Mercedes,Argentina
Cruz del Eje,Argentina
Caleta Olivia,Argentina
El Talar de Pacheco,Argentina
Villaguay,Argentina
Libertador General San Martín,Argentina
Alta Gracia,Argentina
La Reja,Argentina
San Lorenzo,Argentina
Longchamps,Argentina
San Pedro,Argentina
Villa Constitución,Argentina
Tres Arroyos,Argentina
Río Tercero,Argentina
Chajarí,Argentina
Pinamar,Argentina
San Isidro,Argentina
Esperanza,Argentina
Gualeguay,Argentina
Villa Alsina,Argentina
José Mármol,Argentina
Balcarce,Argentina
Aristóbulo del Valle,Argentina
Haedo,Argentina
Granadero Baigorria,Argentina
Esquel,Argentina
Nueve de Julio,Argentina
Dock Sur,Argentina
Munro,Argentina
Cutral-Có,Argentina
Villa Adelina,Argentina
Casilda,Argentina
Chacabuco,Argentina
Centenario,Argentina
Bell Ville,Argentina
Chilecito,Argentina
Bragado,Argentina
Plottier,Argentina
La Calera,Argentina
Zapala,Argentina
Jesús María,Argentina
Río Grande,Argentina
Mercedes,Argentina
Victoria,Argentina
Villa Ángela,Argentina
Villa Regina,Argentina
Villa Gesell,Argentina
Capitán Bermúdez,Argentina
Cañada de Gómez,Argentina
Baradero,Argentina
Villa Allende,Argentina
Adrogue,Argentina
San Martín de los Andes,Argentina
Marcos Juárez,Argentina
Dolores,Argentina
Firmat,Argentina
Colón,Argentina
Lincoln,Argentina
Rawson,Argentina
Avellaneda,Argentina
Coronel Suárez,Argentina
Tapiales,Argentina
Veinticinco de Mayo,Argentina
Avellaneda,Argentina
Allen,Argentina
Tunuyán,Argentina
Cinco Saltos,Argentina
Vicente López,Argentina
San Justo,Argentina
Deán Funes,Argentina
El Calafate,Argentina
Chascomús,Argentina
Pico Truncado,Argentina
Don Bosco,Argentina
Sunchales,Argentina
Laboulaye,Argentina
Brandsen,Argentina
General Martín Miguel de Güemes,Argentina
Río Segundo,Argentina
Vera,Argentina
Villa Nueva,Argentina
Rufino,Argentina
Unquillo,Argentina
Charata,Argentina
Lobos,Argentina
Aldo Bonzi,Argentina
Coronda,Argentina
General Juan Madariaga,Argentina
General Deheza,Argentina
Las Heras,Argentina
Santa Elena,Argentina
Catriel,Argentina
Villa Sarmiento,Argentina
Veinticinco de Mayo,Argentina
Eldorado,Argentina
Ayacucho,Argentina
Santa María,Argentina
Federación,Argentina
La Falda,Argentina
Carcarañá,Argentina
San Antonio Oeste,Argentina
Villa del Rosario,Argentina
Villa Paranacito,Argentina
Fray Luis A. Beltrán,Argentina
Carmen de Areco,Argentina
Ceres,Argentina
San Cristóbal,Argentina
Puerto Deseado,Argentina
Añatuya,Argentina
La Quiaca,Argentina
Mar de Ajó,Argentina
San Javier,Argentina
Frías,Argentina
Joaquín V. González,Argentina
Puerto San Martín,Argentina
Oncativo,Argentina
Plaza Huincul,Argentina
Chos Malal,Argentina
Santa Rosa de Calamuchita,Argentina
Rosario del Tala,Argentina
San Salvador,Argentina
Junín de los Andes,Argentina
La Carlota,Argentina
Las Parejas,Argentina
Laguna Paiva,Argentina
Malvinas Argentinas,Argentina
Malargüe,Argentina
Cafayate,Argentina
Río Colorado,Argentina
Oliva,Argentina
Coronel Dorrego,Argentina
Cerrillos,Argentina
Monte Quemado,Argentina
Humahuaca,Argentina
Belén,Argentina
Capilla del Monte,Argentina
Armstrong,Argentina
Villa La Angostura,Argentina
Sarmiento,Argentina
Benito Juárez,Argentina
Frontera,Argentina
Corral de Bustos,Argentina
Leones,Argentina
Choele Choel,Argentina
Santa María,Argentina
Pedro Luro,Argentina
Castelli,Argentina
Monte Cristo,Argentina
Embalse,Argentina
Rada Tilly,Argentina
Chamical,Argentina
Yacimiento Río Turbio,Argentina
Justiniano Posse,Argentina
Mina Clavero,Argentina
Laprida,Argentina
Helvecia,Argentina
San Julián,Argentina
Villa General Belgrano,Argentina
Santa Rosa de Río Primero,Argentina
Lamarque,Argentina
Las Lomitas,Argentina
Senillosa,Argentina
Laguna Larga,Argentina
Sierra Grande,Argentina
Carhué,Argentina
Santa Rosa,Argentina
Río Primero,Argentina
Jesús Nazareno,Argentina
General Fernández Oro,Argentina
Rinconada,Argentina
Ingeniero Guillermo N. Juárez,Argentina
Comandante Luis Piedra Buena,Argentina
Trevelín,Argentina
Villa Cura Brochero,Argentina
Ingeniero Jacobacci,Argentina
Ingeniero Luis A. Huergo,Argentina
Veintiocho de Noviembre,Argentina
Chepes,Argentina
General Levalle,Argentina
Perugorría,Argentina
Villa Huidobro,Argentina
General Conesa,Argentina
San Antonio de los Cobres,Argentina
Macachín,Argentina
Bialet Massé,Argentina
Los Menucos,Argentina
Perito Moreno,Argentina
Gobernador Gregores,Argentina
Abra Pampa,Argentina
Victorica,Argentina
La Paz,Argentina
Comandante Fontana,Argentina
El Maitén,Argentina
Darregueira,Argentina
Pampa del Infierno,Argentina
Villalonga,Argentina
Río Mayo,Argentina
Chumbicha,Argentina
Uspallata,Argentina
Trancas,Argentina
Alto Río Senguer,Argentina
Sierra Colorada,Argentina
Villa Rumipal,Argentina
Las Lajas,Argentina
Los Blancos,Argentina
Susques,Argentina
Comallo,Argentina
Rodeo,Argentina
Gastre,Argentina
Tinogasta,Argentina
Telsen,Argentina
Santa Cruz,Bolivia
La Paz,Bolivia
Cochabamba,Bolivia
Sucre,Bolivia
Oruro,Bolivia
Oruro,Bolivia
Warnes,Bolivia
Potosí,Bolivia
Tarija,Bolivia
Sacaba,Bolivia
Quillacollo,Bolivia
Montero,Bolivia
Trinidad,Bolivia
Yacuiba,Bolivia
Riberalta,Bolivia
Villa Tunari,Bolivia
Puerto Villarroel,Bolivia
Cobija,Bolivia
Villamontes,Bolivia
Guayaramerín,Bolivia
Camiri,Bolivia
Tiquipaya,Bolivia
Viacha,Bolivia
Bermejo,Bolivia
Llallagua,Bolivia
Villazón,Bolivia
Uyuni,Bolivia
San Borja,Bolivia
San Ignacio de Velasco,Bolivia
Tupiza,Bolivia
Patacamaya,Bolivia
Capinota,Bolivia
San José de Chiquitos,Bolivia
Vallegrande,Bolivia
Mapiri,Bolivia
Portachuelo,Bolivia
Comarapa,Bolivia
Punata,Bolivia
Villa Yapacaní,Bolivia
Ascensión,Bolivia
Vinto,Bolivia
Chulumani,Bolivia
Santa Ana de Yacuma,Bolivia
Rurrenabaque,Bolivia
Puerto Suárez,Bolivia
Torotoro,Bolivia
Puerto Quijarro,Bolivia
Roboré,Bolivia
Challapata,Bolivia
Achacachi,Bolivia
Aiquile,Bolivia
Reyes,Bolivia
Charagua,Bolivia
Cliza,Bolivia
San Ramón,Bolivia
San Carlos,Bolivia
San Matías,Bolivia
Uncia,Bolivia
Betanzos,Bolivia
Camargo,Bolivia
San Javier,Bolivia
Apolo,Bolivia
Quime,Bolivia
Sicasica,Bolivia
Magdalena,Bolivia
San Lorenzo,Bolivia
Samaipata,Bolivia
Padilla,Bolivia
Entre Ríos,Bolivia
Tarabuco,Bolivia
Baures,Bolivia
Coroico,Bolivia
Sorata,Bolivia
Corocoro,Bolivia
Cuevo,Bolivia
San Rafael,Bolivia
Puerto Acosta,Bolivia
Sabaya,Bolivia
Llica,Bolivia
Charaña,Bolivia
Piso Firme,Bolivia
Villa Martín Colchak,Bolivia
Puerto Heath,Bolivia
São Paulo,Brazil
Rio de Janeiro,Brazil
Belo Horizonte,Brazil
Brasília,Brazil
Salvador,Brazil
Fortaleza,Brazil
Curitiba,Brazil
Manaus,Brazil
Recife,Brazil
Belém,Brazil
Porto Alegre,Brazil
Goiânia,Brazil
Guarulhos,Brazil
Vila Velha,Brazil
Campinas,Brazil
São Gonçalo,Brazil
São Luís,Brazil
Maceió,Brazil
Natal,Brazil
Campo Grande,Brazil
Natal,Brazil
Teresina,Brazil
Iguaçu,Brazil
São Bernardo do Campo,Brazil
João Pessoa,Brazil
Abaeté,Brazil
Santo André,Brazil
Jaboatão,Brazil
Osasco,Brazil
São José dos Campos,Brazil
Ribeirão Prêto,Brazil
Contagem,Brazil
Sorocaba,Brazil
Aracaju,Brazil
Feira de Santana,Brazil
Uberlândia,Brazil
Cuiabá,Brazil
Juiz de Fora,Brazil
Londrina,Brazil
Joinvile,Brazil
Ananindeua,Brazil
Niterói,Brazil
Serra,Brazil
Florianópolis,Brazil
Macapá,Brazil
Vila Velha,Brazil
Campos,Brazil
Mauá,Brazil
São José do Rio Prêto,Brazil
Caxias do Sul,Brazil
Santos,Brazil
Porto Velho,Brazil
Mogi das Cruzes,Brazil
Rio Branco,Brazil
Diadema,Brazil
Campina Grande,Brazil
Maringá,Brazil
Jundiaí,Brazil
Carapicuíba,Brazil
Piracicaba,Brazil
Olinda,Brazil
Betim,Brazil
Bauru,Brazil
Anápolis,Brazil
Montes Claros,Brazil
Blumenau,Brazil
Vitória,Brazil
São Vicente,Brazil
Itaquaquecetuba,Brazil
Cariacica,Brazil
Caruaru,Brazil
Vitória da Conquista,Brazil
Franca,Brazil
Petrolina,Brazil
Ribeirão das Neves,Brazil
Pelotas,Brazil
Boa Vista,Brazil
Caucaia,Brazil
Uberaba,Brazil
Canoas,Brazil
Ponta Grossa,Brazil
Guarujá,Brazil
Taubaté,Brazil
Paulista,Brazil
Praia Grande,Brazil
Petrópolis,Brazil
Limeira,Brazil
Santarém,Brazil
Camaçari,Brazil
Cascavel,Brazil
Suzano,Brazil
Governador Valadares,Brazil
Crato,Brazil
Palmas,Brazil
Taboão da Serra,Brazil
Marabá,Brazil
Sumaré,Brazil
São José dos Pinhais,Brazil
Volta Redonda,Brazil
Barueri,Brazil
Mossoró,Brazil
Foz do Iguaçu,Brazil
Gravataí,Brazil
Juazeiro do Norte,Brazil
Várzea Grande,Brazil
Imperatriz,Brazil
Santa Maria,Brazil
São Carlos,Brazil
Ipatinga,Brazil
Viamão,Brazil
Novo Hamburgo,Brazil
Macaé,Brazil
Arapiraca,Brazil
Marília,Brazil
Indaiatuba,Brazil
Cotia,Brazil
Americana,Brazil
Rondonópolis,Brazil
Magé,Brazil
Jacareí,Brazil
Araraquara,Brazil
Chapecó,Brazil
Itapevi,Brazil
Presidente Prudente,Brazil
Juazeiro,Brazil
Itabuna,Brazil
Itaboraí,Brazil
Hortolândia,Brazil
Sete Lagoas,Brazil
São Leopoldo,Brazil
Divinópolis,Brazil
Colombo,Brazil
Criciúma,Brazil
Maracanaú,Brazil
Parnamirim,Brazil
Rio Claro,Brazil
Rio Grande,Brazil
Alvorada,Brazil
Araçatuba,Brazil
Castanhal,Brazil
Santa Bárbara d’Oeste,Brazil
Cachoeiro de Itapemirim,Brazil
Angra dos Reis,Brazil
Sobral,Brazil
Cabo Frio,Brazil
Passo Fundo,Brazil
Ferraz de Vasconcelos,Brazil
Itajaí,Brazil
Dourados,Brazil
Nova Friburgo,Brazil
Ilhéus,Brazil
Barra Mansa,Brazil
Nossa Senhora do Socorro,Brazil
Linhares,Brazil
Rio Verde,Brazil
Luziânia,Brazil
Francisco Morato,Brazil
Guarapuava,Brazil
Itapecerica da Serra,Brazil
Itu,Brazil
Teresópolis,Brazil
São José de Ribamar,Brazil
Jequié,Brazil
Bragança Paulista,Brazil
Pindamonhangaba,Brazil
Ibirité,Brazil
São Caetano do Sul,Brazil
Teixeira de Freitas,Brazil
Itapetininga,Brazil
Lajes,Brazil
Timon,Brazil
Caxias,Brazil
Camarajibe,Brazil
Alagoinhas,Brazil
Barreiras,Brazil
Poços de Caldas,Brazil
Abaetetuba,Brazil
Patos de Minas,Brazil
Araguaína,Brazil
Mogi Guaçu,Brazil
Santo Agostinho,Brazil
Franco da Rocha,Brazil
Parnaíba,Brazil
Pôrto Seguro,Brazil
Jaú,Brazil
Jaraguá do Sul,Brazil
Rio das Ostras,Brazil
Paranaguá,Brazil
Botucatu,Brazil
Palhoça,Brazil
Atibaia,Brazil
Garanhuns,Brazil
Santa Rita,Brazil
Teófilo Otoni,Brazil
Crato,Brazil
Sinop,Brazil
Cametá,Brazil
Ji-Paraná,Brazil
Pouso Alegre,Brazil
Vitória de Santo Antão,Brazil
Araras,Brazil
Maricá,Brazil
Cubatão,Brazil
Santana de Parnaíba,Brazil
Barbacena,Brazil
Sabará,Brazil
Uruguaiana,Brazil
Resende,Brazil
Balneário de Camboriú,Brazil
Varginha,Brazil
Bragança,Brazil
Guarapari,Brazil
Apucarana,Brazil
Ribeirão Pires,Brazil
Valinhos,Brazil
Sertãozinho,Brazil
Catanduva,Brazil
Toledo,Brazil
Barretos,Brazil
Paulo Afonso,Brazil
Araucária,Brazil
Guaratinguetá,Brazil
Jandira,Brazil
Barcarena Nova,Brazil
Santa Cruz do Sul,Brazil
Birigui,Brazil
Cachoeirinha,Brazil
Codó,Brazil
Votorantim,Brazil
Araguari,Brazil
Bagé,Brazil
Tatuí,Brazil
Várzea Paulista,Brazil
Conselheiro Lafaiete,Brazil
Itapipoca,Brazil
Três Lagoas,Brazil
Salto,Brazil
Poá,Brazil
Maranguape,Brazil
Caraguatatuba,Brazil
Ubá,Brazil
Itatiba,Brazil
Euriápolis,Brazil
Campo Largo,Brazil
Santana,Brazil
Corumbá,Brazil
Araruama,Brazil
Colatina,Brazil
Parintins,Brazil
Catalão,Brazil
Ourinhos,Brazil
Altamira,Brazil
Itabira,Brazil
São Mateus,Brazil
Bento Gonçalves,Brazil
Patos,Brazil
Passos,Brazil
Ariquemes,Brazil
Paço do Lumiar,Brazil
Vespasiano,Brazil
Trindade,Brazil
Arapongas,Brazil
Açailandia,Brazil
Coronel Fabriciano,Brazil
Araxá,Brazil
Almirante Tamandaré,Brazil
São Lourenço da Mata,Brazil
Igarassu,Brazil
Assis,Brazil
Santo Antônio de Jesus,Brazil
Balsas,Brazil
Muriaé,Brazil
Umuarama,Brazil
Mairiporã,Brazil
Formosa,Brazil
Bacabal,Brazil
Leme,Brazil
Breves,Brazil
Itaituba,Brazil
Paulínia,Brazil
Valença,Brazil
Tubarão,Brazil
Ituiutaba,Brazil
Tucuruí,Brazil
Itacoatiara,Brazil
Barra do Piraí,Brazil
Cambé,Brazil
Iguatu,Brazil
Bayeux,Brazil
Erechim,Brazil
Itaperuna,Brazil
Caieiras,Brazil
Japeri,Brazil
Guaíba,Brazil
Lagarto,Brazil
Manacapuru,Brazil
Itaúna,Brazil
Vilhena,Brazil
Piraquara,Brazil
Itumbiara,Brazil
Itapeva,Brazil
Lavras,Brazil
Mogi Mirim,Brazil
São Félix do Xingu,Brazil
Votuporanga,Brazil
Cáceres,Brazil
Caçapava,Brazil
Itajubá,Brazil
São João del Rei,Brazil
Itanhaém,Brazil
São João da Boa Vista,Brazil
Candeias,Brazil
Avaré,Brazil
Brusque,Brazil
Ponta Porã,Brazil
Jataí,Brazil
São Pedro da Aldeia,Brazil
São Gonçalo do Amarante,Brazil
Santa Cruz do Capibaribe,Brazil
Nova Lima,Brazil
São Cristóvão,Brazil
Itabaiana,Brazil
Ubatuba,Brazil
Cacoal,Brazil
Guanambi,Brazil
Cachoeira do Sul,Brazil
Caratinga,Brazil
Jacobina,Brazil
Paracatu,Brazil
Senador Canedo,Brazil
Serra Talhada,Brazil
Pará de Minas,Brazil
Arujá,Brazil
Santana do Livramento,Brazil
Serrinha,Brazil
Coari,Brazil
São Sebastião,Brazil
Seropédica,Brazil
Barra do Corda,Brazil
Sorriso,Brazil
Cruzeiro do Sul,Brazil
Patrocínio,Brazil
Campo Mourão,Brazil
Aracruz,Brazil
Planaltina,Brazil
Paranavaí,Brazil
Matão,Brazil
Senhor do Bonfim,Brazil
Timóteo,Brazil
Campo Limpo,Brazil
Esteio,Brazil
Ipojuca,Brazil
Manhuaçu,Brazil
Alfenas,Brazil
Pato Branco,Brazil
Telêmaco Borba,Brazil
Francisco Beltrão,Brazil
Ijuí,Brazil
Moju,Brazil
Pinheiro,Brazil
Dias d’Ávila,Brazil
Aquiraz,Brazil
Bebedouro,Brazil
Unaí,Brazil
Três Rios,Brazil
Araripina,Brazil
Santa Inês,Brazil
Gurupi,Brazil
Gravatá,Brazil
Ibiúna,Brazil
Santo Ângelo,Brazil
Itapetinga,Brazil
Quixadá,Brazil
Lins,Brazil
Jabuticabal,Brazil
Rio Largo,Brazil
Goiana,Brazil
Redenção,Brazil
Sapiranga,Brazil
Carpina,Brazil
São Bento do Sul,Brazil
Piraçununga,Brazil
Canindé,Brazil
Curvelo,Brazil
Palmeira dos Índios,Brazil
Ouro Prêto,Brazil
Nova Serrana,Brazil
João Monlevade,Brazil
Picos,Brazil
Irecê,Brazil
Chapadinha,Brazil
Alegrete,Brazil
Itapira,Brazil
Crateús,Brazil
Três Corações,Brazil
Aracati,Brazil
Vinhedo,Brazil
Belo Jardim,Brazil
Pacatuba,Brazil
Campo Formoso,Brazil
Casa Nova,Brazil
Quixeramobim,Brazil
Valença,Brazil
Cajamar,Brazil
Lajeado,Brazil
Caçador,Brazil
Caldas Novas,Brazil
São Sebastião do Paraíso,Brazil
Cianorte,Brazil
Russas,Brazil
Cataguases,Brazil
Paragominas,Brazil
Bom Jesus da Lapa,Brazil
Macaíba,Brazil
Brumado,Brazil
Tianguá,Brazil
Sousa,Brazil
Mococa,Brazil
Arcoverde,Brazil
Concórdia,Brazil
Santa Rosa,Brazil
Conceição do Coité,Brazil
Ceará-Mirim,Brazil
Fernandópolis,Brazil
Embu-Guaçu,Brazil
Caicó,Brazil
Itamaraju,Brazil
Castro,Brazil
Cosmópolis,Brazil
Janaúba,Brazil
Capanema,Brazil
Itaberaba,Brazil
Lençóis Paulista,Brazil
União dos Palmares,Brazil
Venâncio Aires,Brazil
Tupã,Brazil
Cabedelo,Brazil
Rio Negro,Brazil
Januária,Brazil
Icó,Brazil
Peruíbe,Brazil
Formiga,Brazil
Viana,Brazil
Estância,Brazil
Ouricuri,Brazil
Cruz das Almas,Brazil
Penedo,Brazil
Farroupilha,Brazil
Escada,Brazil
Rolândia,Brazil
Santo Antônio do Descoberto,Brazil
São Borja,Brazil
Pesqueira,Brazil
Cruz Alta,Brazil
Oriximiná,Brazil
Camaquã,Brazil
Tefé,Brazil
Camboriú,Brazil
Itapecuru Mirim,Brazil
Ipirá,Brazil
Grajaú,Brazil
Penápolis,Brazil
Morada Nova,Brazil
Pacajus,Brazil
Piripiri,Brazil
Coroatá,Brazil
Santo Amaro,Brazil
Cajazeiras,Brazil
Vacaria,Brazil
Araranguá,Brazil
Acaraú,Brazil
Rio do Sul,Brazil
Tabatinga,Brazil
Igarapé-Miri,Brazil
Euclides da Cunha,Brazil
Batatais,Brazil
Navegantes,Brazil
São Miguel dos Campos,Brazil
São Gabriel,Brazil
Esmeraldas,Brazil
Camocim,Brazil
Campo Bom,Brazil
Maués,Brazil
Benevides,Brazil
Lagoa Santa,Brazil
Goianésia,Brazil
Palmares,Brazil
Santa Isabel do Pará,Brazil
Lucas do Rio Verde,Brazil
Montenegro,Brazil
Caràzinho,Brazil
Barra do Garças,Brazil
Pedro Leopoldo,Brazil
Bezerros,Brazil
Surubim,Brazil
Biguaçu,Brazil
Guarabira,Brazil
Gaspar,Brazil
Mirassol,Brazil
Floriano,Brazil
Ibitinga,Brazil
Campo Alegre,Brazil
Ponte Nova,Brazil
Coruripe,Brazil
Andradina,Brazil
Içara,Brazil
Jacundá,Brazil
Nova Odessa,Brazil
Viseu,Brazil
Moreno,Brazil
Salgueiro,Brazil
Taquaritinga,Brazil
Bertioga,Brazil
Tomé-Açu,Brazil
Monte Alegre,Brazil
Araci,Brazil
Registro,Brazil
Limoeiro do Norte,Brazil
Irati,Brazil
Jaru,Brazil
Tucano,Brazil
Boituva,Brazil
Catu,Brazil
Tauá,Brazil
Jaguaquara,Brazil
Limoeiro,Brazil
Monte Mor,Brazil
Rolim de Moura,Brazil
Barbalha,Brazil
Horizonte,Brazil
Juruti,Brazil
Alenquer,Brazil
Viçosa do Ceará,Brazil
Barreirinhas,Brazil
Santa Isabel,Brazil
Indaial,Brazil
Pôrto Ferreira,Brazil
Monte Santo,Brazil
Taquara,Brazil
São José do Rio Pardo,Brazil
Cachoeiras de Macacu,Brazil
Barra,Brazil
Itupeva,Brazil
Acará,Brazil
Três Pontas,Brazil
São Francisco,Brazil
São Francisco do Sul,Brazil
Frutal,Brazil
Pirapora,Brazil
Olímpia,Brazil
Canguçu,Brazil
São Bento do Una,Brazil
Açu,Brazil
Santo Estêvão,Brazil
Capivari,Brazil
Leopoldina,Brazil
Acopiara,Brazil
Manicoré,Brazil
Mineiros,Brazil
Mafra,Brazil
Tutóia,Brazil
Capitão Poço,Brazil
Canoinhas,Brazil
União da Vitória,Brazil
Granja,Brazil
Caetité,Brazil
Boa Viagem,Brazil
Mongaguá,Brazil
Naviraí,Brazil
Delmiro Gouveia,Brazil
Marechal Deodoro,Brazil
Sapé,Brazil
Portel,Brazil
Buíque,Brazil
Porto Feliz,Brazil
Jaguariúna,Brazil
Itupiranga,Brazil
São Miguel do Guamá,Brazil
Campo Belo,Brazil
Parobé,Brazil
Guapimirim,Brazil
Trairi,Brazil
Ribeira do Pombal,Brazil
Pau d’Alho,Brazil
Humaitá,Brazil
Timbaúba,Brazil
Campos do Jordão,Brazil
Santiago,Brazil
Macaúbas,Brazil
Artur Nogueira,Brazil
Alta Floresta,Brazil
São Joaquim da Barra,Brazil
Itararé,Brazil
Viana,Brazil
Guaxupé,Brazil
Vargem Grande,Brazil
Óbidos,Brazil
Beberibe,Brazil
Porto Nacional,Brazil
Jales,Brazil
Prudentópolis,Brazil
Poções,Brazil
Vargem Grande Paulista,Brazil
Congonhas,Brazil
Itapagé,Brazil
Xique-Xique,Brazil
Rio Grande da Serra,Brazil
Inhumas,Brazil
Ibiporã,Brazil
Tobias Barreto,Brazil
Diamantina,Brazil
Vigia,Brazil
Santana do Ipanema,Brazil
Ipiaú,Brazil
Capão Bonito,Brazil
Atalaia,Brazil
Aquidauana,Brazil
Videira,Brazil
Paracambi,Brazil
Guajará-Mirim,Brazil
Rondon do Pará,Brazil
Cornélio Procópio,Brazil
Marechal Cândido Rondon,Brazil
Coelho Neto,Brazil
Bocaiúva,Brazil
Santa Cruz do Rio Pardo,Brazil
Cristalina,Brazil
Cabreúva,Brazil
Conceição do Araguaia,Brazil
Laguna,Brazil
Maragogipe,Brazil
Livramento de Nossa Senhora,Brazil
Eusébio,Brazil
Nova Venécia,Brazil
Mairinque,Brazil
Lagoa da Prata,Brazil
Iranduba,Brazil
Pontal,Brazil
Dracena,Brazil
Mata de São João,Brazil
Itapema,Brazil
Monte Carmelo,Brazil
Bom Conselho,Brazil
São Sebastião do Passé,Brazil
Itabirito,Brazil
João Pinheiro,Brazil
Seabra,Brazil
Brejo Santo,Brazil
Brejo da Madre de Deus,Brazil
Campo Maior,Brazil
Cerquilho Velho,Brazil
Baião,Brazil
Lapa,Brazil
Tremembé,Brazil
Pederneiras,Brazil
Barras,Brazil
Paraguaçu Paulista,Brazil
Uruará,Brazil
Presidente Dutra,Brazil
Garça,Brazil
Ribeirão,Brazil
Paraíso do Tocantins,Brazil
Mamanguape,Brazil
Mauriti,Brazil
São Benedito,Brazil
Xanxerê,Brazil
Maracaju,Brazil
Pinhal,Brazil
São Gonçalo do Amarante,Brazil
Louveira,Brazil
Salto de Pirapora,Brazil
Pontes e Lacerda,Brazil
Presidente Epitácio,Brazil
Lábrea,Brazil
Quirinópolis,Brazil
Nova Viçosa,Brazil
Sena Madureira,Brazil
São Lourenço do Sul,Brazil
São Gabriel da Cachoeira,Brazil
Entre Rios,Brazil
Palmas,Brazil
Santa Quitéria,Brazil
Santo Antônio da Platina,Brazil
Mombaça,Brazil
Orlândia,Brazil
União,Brazil
Currais Novos,Brazil
Vera Cruz,Brazil
Estância Velha,Brazil
Araioses,Brazil
Niquelândia,Brazil
Porangatu,Brazil
Itápolis,Brazil
Remanso,Brazil
Sidrolândia,Brazil
Amontada,Brazil
Capão da Canoa,Brazil
Pedra Branca,Brazil
Jaraguá,Brazil
Medianeira,Brazil
Vargem Grande do Sul,Brazil
Jardinópolis,Brazil
Santa Maria da Vitória,Brazil
São Lourenço,Brazil
Paranaíba,Brazil
Tramandaí,Brazil
Almenara,Brazil
Morrinhos,Brazil
São Mateus do Sul,Brazil
Girau do Ponciano,Brazil
Jeremoabo,Brazil
Paraíba do Sul,Brazil
Mucuri,Brazil
Dois Vizinhos,Brazil
Inhambupe,Brazil
Osório,Brazil
Rio Real,Brazil
Mangaratiba,Brazil
Caeté,Brazil
São Bento,Brazil
Barreiros,Brazil
Nanuque,Brazil
Barra de São Francisco,Brazil
Santo Antônio de Pádua,Brazil
Xinguara,Brazil
Augusto Correa,Brazil
Andradas,Brazil
São Manuel,Brazil
Sirinhaém,Brazil
Águas Belas,Brazil
Tietê,Brazil
Imbituba,Brazil
Tarauacá,Brazil
Rio Negrinho,Brazil
Guaíra,Brazil
São José de Mipibu,Brazil
Santo Antônio,Brazil
Rosário,Brazil
Socorro,Brazil
Novo Horizonte,Brazil
Arcos,Brazil
Benjamin Constant,Brazil
Oliveira,Brazil
Santa Maria da Boa Vista,Brazil
Presidente Venceslau,Brazil
São Francisco do Conde,Brazil
Rosário do Sul,Brazil
Borba,Brazil
Canela,Brazil
Tuntum,Brazil
Salinas,Brazil
Colinas,Brazil
Jacarèzinho,Brazil
Santa Helena,Brazil
São Mateus do Maranhão,Brazil
Itabaianinha,Brazil
Altos,Brazil
Campina Grande do Sul,Brazil
Promissão,Brazil
Simão Dias,Brazil
Muaná,Brazil
Boa Esperança,Brazil
Guariba,Brazil
Itiúba,Brazil
Várzea Alegre,Brazil
Curuçá,Brazil
Dom Pedrito,Brazil
Pitangueiras,Brazil
Américo Brasiliense,Brazil
Panambi,Brazil
Amambaí,Brazil
Visconde do Rio Branco,Brazil
Amarante do Maranhão,Brazil
Ipueiras,Brazil
Bom Jardim,Brazil
Catende,Brazil
Amargosa,Brazil
Afuá,Brazil
Guaraciaba do Norte,Brazil
Esperantina,Brazil
Santa Rita do Sapucaí,Brazil
Curitibanos,Brazil
Porteirinha,Brazil
Rio Pardo,Brazil
Bonito,Brazil
São Gonçalo dos Campos,Brazil
Igarapé-Açu,Brazil
São Fidélis,Brazil
Pojuca,Brazil
Paraty,Brazil
Pedro II,Brazil
Itaqui,Brazil
Itarema,Brazil
Salinópolis,Brazil
Aliança,Brazil
José de Freitas,Brazil
Autazes,Brazil
Uruaçu,Brazil
Santaluz,Brazil
Pimenta Bueno,Brazil
Timbó,Brazil
Esplanada,Brazil
Araçuaí,Brazil
Lajedo,Brazil
São Paulo de Olivença,Brazil
Agudos,Brazil
Santa Helena de Goiás,Brazil
Camamu,Brazil
Careiro,Brazil
Marau,Brazil
Oeiras,Brazil
Barra Bonita,Brazil
São Miguel d’Oeste,Brazil
Aparecida,Brazil
Riacho de Santana,Brazil
Itapicuru,Brazil
Fraiburgo,Brazil
Paiçandu,Brazil
Estreito,Brazil
Itaitinga,Brazil
Várzea da Palma,Brazil
Santa Cruz,Brazil
Ouro Preto d’Oeste,Brazil
Toritama,Brazil
José Bonifácio,Brazil
Nova Cruz,Brazil
Rio Brilhante,Brazil
Pilão Arcado,Brazil
Bom Jesus do Itabapoana,Brazil
Riachão do Jacuípe,Brazil
Além Paraíba,Brazil
Pentecoste,Brazil
També,Brazil
Itaberaí,Brazil
Casimiro de Abreu,Brazil
Charqueadas,Brazil
Pilar,Brazil
Ouro Branco,Brazil
Cansanção,Brazil
Curaçá,Brazil
Massapê,Brazil
Guaramirim,Brazil
Bodocó,Brazil
Nova Olinda do Norte,Brazil
Afogados da Ingazeira,Brazil
Adamantina,Brazil
Aguaí,Brazil
Barra do Choça,Brazil
Igarapé,Brazil
Capelinha,Brazil
Apodi,Brazil
Castelo,Brazil
Tôrres,Brazil
São Luís do Quitunde,Brazil
Parnarama,Brazil
Cachoeira,Brazil
Cícero Dantas,Brazil
Armação dos Búzios,Brazil
Iturama,Brazil
Vassouras,Brazil
Jaguaribe,Brazil
Missão Velha,Brazil
Penalva,Brazil
São Sebastião,Brazil
Cravinhos,Brazil
Goianira,Brazil
Bariri,Brazil
Eirunepé,Brazil
Brumadinho,Brazil
Pôrto de Moz,Brazil
Matozinhos,Brazil
Turiaçu,Brazil
Custódia,Brazil
Sertânia,Brazil
Poço Redondo,Brazil
Tucumã,Brazil
Barra do Bugres,Brazil
São Domingos do Maranhão,Brazil
Caçapava do Sul,Brazil
Ibaté,Brazil
Bôca do Acre,Brazil
Pôrto União,Brazil
São Bento,Brazil
Iperó,Brazil
Brejo,Brazil
Conceição de Jacuípe,Brazil
Baturité,Brazil
São Luís Gonzaga,Brazil
Almeirim,Brazil
Canavieiras,Brazil
Coxim,Brazil
Camacan,Brazil
Jaguarari,Brazil
Correntina,Brazil
Palmeira das Missões,Brazil
Água Preta,Brazil
Rio das Pedras,Brazil
Descalvado,Brazil
Maragogi,Brazil
Curralinho,Brazil
Campos Novos,Brazil
Presidente Figueiredo,Brazil
Gandu,Brazil
Esperança,Brazil
Monteiro,Brazil
São Miguel Arcanjo,Brazil
Santa Cruz das Palmeiras,Brazil
São João da Barra,Brazil
Pombal,Brazil
Espigão D’Oeste,Brazil
Mandaguari,Brazil
São Desidério,Brazil
Paratinga,Brazil
Cururupu,Brazil
São José do Belmonte,Brazil
Jaguariaíva,Brazil
Nossa Senhora da Glória,Brazil
Goiatuba,Brazil
Osvaldo Cruz,Brazil
Feijó,Brazil
Guararapes,Brazil
São Raimundo Nonato,Brazil
Carangola,Brazil
Cachoeira Paulista,Brazil
Miguel Alves,Brazil
Gramado,Brazil
São José da Tapera,Brazil
Jaguaruana,Brazil
João Câmara,Brazil
Poconé,Brazil
Ilhabela,Brazil
Bandeirantes,Brazil
Itamarandiba,Brazil
Palmeira,Brazil
Colíder,Brazil
Guaratuba,Brazil
Gurupá,Brazil
Marialva,Brazil
Piuí,Brazil
Ruy Barbosa,Brazil
São Gabriel,Brazil
Domingos Martins,Brazil
São José do Egito,Brazil
São Gotardo,Brazil
Ivaiporã,Brazil
Ubajara,Brazil
Monção,Brazil
Irituia,Brazil
Igrejinha,Brazil
Paracuru,Brazil
Exu,Brazil
Morro Agudo,Brazil
Ouro Fino,Brazil
Posse,Brazil
Santa Fé do Sul,Brazil
Araguatins,Brazil
Araçoiaba da Serra,Brazil
Parambu,Brazil
Iporá,Brazil
Guanhães,Brazil
Barrinha,Brazil
Vitória do Mearim,Brazil
Brasília de Minas,Brazil
Biritiba-Mirim,Brazil
Minaçu,Brazil
Pindaré-Mirim,Brazil
Cândido Mota,Brazil
Espinosa,Brazil
Lavras da Mangabeira,Brazil
Touros,Brazil
Itabela,Brazil
Matões,Brazil
Santa Vitória do Palmar,Brazil
Itapemirim,Brazil
Nova Russas,Brazil
Tijucas,Brazil
Portão,Brazil
Taiobeiras,Brazil
Canguaretama,Brazil
Bela Cruz,Brazil
Cabrobó,Brazil
Colinas do Tocantins,Brazil
Nazaré da Mata,Brazil
Minas Novas,Brazil
Laranjeiras do Sul,Brazil
Alegre,Brazil
Capela,Brazil
Muritiba,Brazil
João Alfredo,Brazil
Tanguá,Brazil
Vicência,Brazil
Novo Cruzeiro,Brazil
Guaíra,Brazil
Garibaldi,Brazil
Barreirinha,Brazil
Rio Branco do Sul,Brazil
Juquitiba,Brazil
Estrêla,Brazil
Rio Preto da Eva,Brazil
Afonso Cláudio,Brazil
Itaporanga d’Ajuda,Brazil
Iguape,Brazil
Pinhão,Brazil
Catolé do Rocha,Brazil
Candelária,Brazil
Soledade,Brazil
Paraipaba,Brazil
São Luís de Montes Belos,Brazil
Pitanga,Brazil
Carinhanha,Brazil
Irará,Brazil
Santana do Acaraú,Brazil
Campo Alegre de Lourdes,Brazil
Paripiranga,Brazil
Casa Branca,Brazil
Mocajuba,Brazil
Capim,Brazil
Rancharia,Brazil
Carmo do Paranaíba,Brazil
Igarapava,Brazil
Piraju,Brazil
Matinhos,Brazil
Nazaré,Brazil
Prainha,Brazil
Capim Grosso,Brazil
Floresta,Brazil
Prado,Brazil
Tabuleiro do Norte,Brazil
Santa Quitéria do Maranhão,Brazil
Ituberá,Brazil
Pompeu,Brazil
Rio Pardo de Minas,Brazil
Baixo Guandu,Brazil
Itaperuçu,Brazil
Bagre,Brazil
Laranjal Paulista,Brazil
Mirandópolis,Brazil
Glória do Goitá,Brazil
Braço do Norte,Brazil
Cajati,Brazil
Macau,Brazil
Limoeiro de Anadia,Brazil
Carapó,Brazil
Frederico Westphalen,Brazil
Santa Rita de Cássia,Brazil
Goio-Erê,Brazil
Itatiaia,Brazil
Pires do Rio,Brazil
Ibaiti,Brazil
Palotina,Brazil
Maracanã,Brazil
Quijingue,Brazil
Alagoa Grande,Brazil
Passira,Brazil
Extrema,Brazil
Oeiras do Pará,Brazil
Arari,Brazil
Bom Jesus,Brazil
Imbituva,Brazil
Propriá,Brazil
Conceição da Barra,Brazil
Barão de Cocais,Brazil
Manaquiri,Brazil
Luís Correia,Brazil
Guararema,Brazil
Serra Negra,Brazil
Três Marias,Brazil
Pilar do Sul,Brazil
Pedras de Fogo,Brazil
Santa Cruz Cabrália,Brazil
Ipubi,Brazil
Bujaru,Brazil
Anajás,Brazil
Timbiras,Brazil
Careiro da Várzea,Brazil
Jaguarão,Brazil
Gameleira,Brazil
Valente,Brazil
Carauari,Brazil
Santa Bárbara,Brazil
Mateus Leme,Brazil
Guaçuí,Brazil
Piraí,Brazil
Traipu,Brazil
Iguaí,Brazil
Limoeiro do Ajuru,Brazil
Pomerode,Brazil
Pau dos Ferros,Brazil
Arraial do Cabo,Brazil
Padre Bernardo,Brazil
Ibotirama,Brazil
Itacaré,Brazil
Campos Gerais,Brazil
Boca da Mata,Brazil
Dois Irmãos,Brazil
Piracuruca,Brazil
Coromandel,Brazil
Miguel Calmon,Brazil
Lagoa Vermelha,Brazil
Lapão,Brazil
Santa Rita do Passa Quatro,Brazil
Jarinu,Brazil
Marapanim,Brazil
Tracuateua,Brazil
Novo Oriente,Brazil
Barcelos,Brazil
Ourilândia do Norte,Brazil
Iúna,Brazil
Miranda,Brazil
Porto Calvo,Brazil
Castro Alves,Brazil
Teutônia,Brazil
Santana do Paraíso,Brazil
Santana,Brazil
Lagoa Sêca,Brazil
Mundo Novo,Brazil
Porto da Folha,Brazil
Conchal,Brazil
Flores da Cunha,Brazil
Mantena,Brazil
Ubatã,Brazil
Joaçaba,Brazil
Buriti,Brazil
Aripuanã,Brazil
Ibimirim,Brazil
Buritizeiro,Brazil
Laranjeiras,Brazil
Ipixuna,Brazil
Cândido Sales,Brazil
Miracema,Brazil
Olindina,Brazil
Codajás,Brazil
Nepomuceno,Brazil
Solânea,Brazil
Piracaia,Brazil
Jardim,Brazil
Ipu,Brazil
Santo Antônio do Tauá,Brazil
Melgaço,Brazil
Planalto,Brazil
Nova Esperança,Brazil
Sombrio,Brazil
Mirassol d’Oeste,Brazil
Pirapòzinho,Brazil
Caetés,Brazil
Dois Córregos,Brazil
Campos Sales,Brazil
Água Azul do Norte,Brazil
Cambuí,Brazil
São Bernardo,Brazil
São João Nepomuceno,Brazil
Tabira,Brazil
Redenção,Brazil
Caririaçu,Brazil
Canarana,Brazil
Pati do Alferes,Brazil
Ilha Solteira,Brazil
São João Batista,Brazil
Itaíba,Brazil
Conde,Brazil
Humberto de Campos,Brazil
Iaçu,Brazil
Aracoiaba,Brazil
Itapuranga,Brazil
Trindade,Brazil
Taquari,Brazil
Queimadas,Brazil
Itaí,Brazil
Cocal,Brazil
Coração de Jesus,Brazil
Ponta de Pedras,Brazil
Santo Antônio do Monte,Brazil
Mimoso do Sul,Brazil
Arapoti,Brazil
Nova Soure,Brazil
Prata,Brazil
Triunfo,Brazil
Batalha,Brazil
Cláudio,Brazil
São Miguel do Iguaçu,Brazil
Pereira Barreto,Brazil
Xaxim,Brazil
Santa Rosa de Viterbo,Brazil
Panelas,Brazil
Jardim,Brazil
Igaci,Brazil
Mata Grande,Brazil
Independência,Brazil
São Joaquim de Bicas,Brazil
Boquim,Brazil
São José do Norte,Brazil
Tanabi,Brazil
Senador Pompeu,Brazil
Tamboril,Brazil
Corrente,Brazil
Formosa do Rio Preto,Brazil
Bom Jardim,Brazil
Areia Branca,Brazil
Pitangui,Brazil
Anajatuba,Brazil
Cajuru,Brazil
Elói Mendes,Brazil
Apiaí,Brazil
Carlos Barbosa,Brazil
Reserva,Brazil
Icatu,Brazil
Penha,Brazil
Aimorés,Brazil
São João da Ponte,Brazil
Uauá,Brazil
Piritiba,Brazil
Matriz de Camarajibe,Brazil
Iraquara,Brazil
Valparaíso,Brazil
Barra dos Coqueiros,Brazil
Piranhas,Brazil
São João dos Patos,Brazil
Francisco Sá,Brazil
Taquaritinga do Norte,Brazil
Anastácio,Brazil
Campo Magro,Brazil
São Joaquim,Brazil
Araquari,Brazil
Pão de Açúcar,Brazil
Brasiléia,Brazil
Aparecida do Taboado,Brazil
Santa Gertrudes,Brazil
Ipameri,Brazil
Junqueiro,Brazil
Luzilândia,Brazil
São Geraldo do Araguaia,Brazil
Marco,Brazil
Astorga,Brazil
Canindé de São Francisco,Brazil
Jacaré,Brazil
Álvares Machado,Brazil
Miguel Pereira,Brazil
Igreja Nova,Brazil
Nossa Senhora das Dores,Brazil
Urbano Santos,Brazil
Extremoz,Brazil
Aurora,Brazil
Itabaiana,Brazil
Sanharó,Brazil
Bela Vista de Goiás,Brazil
Pirajuí,Brazil
Encruzilhada do Sul,Brazil
Cedro,Brazil
Canhotinho,Brazil
Itaporanga,Brazil
Igaraçu do Tietê,Brazil
Tupanatinga,Brazil
Vila Rica,Brazil
Novo Aripuanã,Brazil
Craíbas,Brazil
Capão do Leão,Brazil
Condado,Brazil
Joaquim Gomes,Brazil
Oiapoque,Brazil
Bela Vista,Brazil
Nerópolis,Brazil
Tupaciguara,Brazil
Quipapá,Brazil
Baraúna,Brazil
Ibirapitanga,Brazil
Angatuba,Brazil
Jequitinhonha,Brazil
Guaiuba,Brazil
Inhapim,Brazil
São Miguel do Guaporé,Brazil
São José da Laje,Brazil
Pombos,Brazil
Ibicaraí,Brazil
Piracanjuba,Brazil
Rio Tinto,Brazil
Ocara,Brazil
Vila do Conde,Brazil
Aldeias Altas,Brazil
Macaparana,Brazil
São Gonçalo do Sapucaí,Brazil
Laje,Brazil
Anchieta,Brazil
Sacramento,Brazil
Cambará,Brazil
Monte Aprazível,Brazil
Três Passos,Brazil
Três Coroas,Brazil
Pedra Azul,Brazil
Alexânia,Brazil
Ibiapina,Brazil
Jucás,Brazil
Nísia Floresta,Brazil
Itapissuma,Brazil
Belmonte,Brazil
Maracás,Brazil
Três de Maio,Brazil
Raul Soares,Brazil
Santo Antônio do Içá,Brazil
Corinto,Brazil
Sobradinho,Brazil
São Sepé,Brazil
Caculé,Brazil
Ribas do Rio Pardo,Brazil
Medeiros Neto,Brazil
Brodósqui,Brazil
Piraí do Sul,Brazil
Brotas,Brazil
Santa Helena,Brazil
Belo Oriente,Brazil
Cupira,Brazil
Ortigueira,Brazil
Carandaí,Brazil
Palmeiras de Goiás,Brazil
Itambé,Brazil
Alcobaça,Brazil
Riachão das Neves,Brazil
Cordeirópolis,Brazil
Itaporã,Brazil
Ibiá,Brazil
Tambaú,Brazil
Guaraí,Brazil
Taquarituba,Brazil
Coração de Maria,Brazil
Assaré,Brazil
Areia,Brazil
Conceição das Alagoas,Brazil
Santa Maria do Pará,Brazil
Bom Jesus dos Perdões,Brazil
Pirenópolis,Brazil
Soure,Brazil
Princesa Isabel,Brazil
São Sebastião da Boa Vista,Brazil
Itaocara,Brazil
Buriti Bravo,Brazil
Orobó,Brazil
Espera Feliz,Brazil
Iguaba Grande,Brazil
Ecoporanga,Brazil
Mutuípe,Brazil
Nova Prata,Brazil
Chaves,Brazil
Veranópolis,Brazil
Itambacuri,Brazil
Cachoeira do Arari,Brazil
Oliveira dos Brejinhos,Brazil
Lagoa Grande,Brazil
Buritis,Brazil
Bambuí,Brazil
Alta Floresta D’Oeste,Brazil
Pinheiral,Brazil
Dom Pedro,Brazil
Agrestina,Brazil
Teodoro Sampaio,Brazil
Conceição da Feira,Brazil
Bom Jesus,Brazil
Tocantinópolis,Brazil
Itaparica,Brazil
Quaraí,Brazil
Paraopeba,Brazil
Iracemápolis,Brazil
Forquilhinha,Brazil
Caravelas,Brazil
Wenceslau Guimarães,Brazil
Goianinha,Brazil
Cruz,Brazil
Umbaúba,Brazil
Boquira,Brazil
Palmas de Monte Alto,Brazil
Santa Isabel do Rio Negro,Brazil
Barra da Estiva,Brazil
Santo Antônio de Posse,Brazil
Barra Velha,Brazil
Goiás,Brazil
Ibatiba,Brazil
Guaratinga,Brazil
Colorado,Brazil
Caraí,Brazil
Irauçuba,Brazil
São João do Paraíso,Brazil
São Miguel do Araguaia,Brazil
Tupanciretã,Brazil
Ituporanga,Brazil
Conselheiro Pena,Brazil
Ladário,Brazil
Mandirituba,Brazil
Santo Antônio,Brazil
Juatuba,Brazil
Feira Grande,Brazil
Flores,Brazil
São Miguel,Brazil
Rio Formoso,Brazil
São Jerônimo,Brazil
Una,Brazil
Maravilha,Brazil
Palmital,Brazil
Cunha,Brazil
Bataguaçu,Brazil
Paramirim,Brazil
Tacaratu,Brazil
Carutapera,Brazil
Poço Verde,Brazil
Coreaú,Brazil
Amaraji,Brazil
São Sebastião do Caí,Brazil
Matinha,Brazil
Itamaracá,Brazil
Alcântara,Brazil
Uruçuca,Brazil
Santa Teresa,Brazil
Colônia Leopoldina,Brazil
São Lourenço d’Oeste,Brazil
Forquilha,Brazil
Itajuípe,Brazil
Olho d’Água das Flores,Brazil
Miguelópolis,Brazil
Cujubim,Brazil
Caxambu,Brazil
Cassilândia,Brazil
Nova Brasilândia d’Oeste,Brazil
Crisópolis,Brazil
São Felipe,Brazil
Caaporã,Brazil
Senador Guiomard,Brazil
Buritirama,Brazil
Pancas,Brazil
Porto Franco,Brazil
Cajueiro,Brazil
Barro,Brazil
Orleães,Brazil
Orós,Brazil
Manhumirim,Brazil
Pio XII,Brazil
Itapecerica,Brazil
Pompéia,Brazil
Silva Jardim,Brazil
São João,Brazil
Araripe,Brazil
Sarandi,Brazil
Tanhaçu,Brazil
Bonito,Brazil
Erval d’Oeste,Brazil
Bananeiras,Brazil
Monte Santo de Minas,Brazil
Conceição de Macabu,Brazil
Monte Sião,Brazil
Peritoró,Brazil
Loanda,Brazil
Baixa Grande,Brazil
Lucélia,Brazil
Diamantino,Brazil
Itororó,Brazil
Maraú,Brazil
Urucurituba,Brazil
Taperoá,Brazil
Camanducaia,Brazil
Bastos,Brazil
Pindobaçu,Brazil
Santo Anastácio,Brazil
Pedra,Brazil
Pontal do Paraná,Brazil
Guará,Brazil
São Vicente Ferrer,Brazil
Sêrro,Brazil
Ubaitaba,Brazil
Ubaíra,Brazil
Capinzal,Brazil
Medina,Brazil
Pacatu,Brazil
Fonte Boa,Brazil
Bom Jesus,Brazil
Ceres,Brazil
Nova Granada,Brazil
Tamandaré,Brazil
Morrinhos,Brazil
Monte Azul,Brazil
Campestre,Brazil
Monte Alegre,Brazil
Miracema do Tocantins,Brazil
Lagoa do Itaenga,Brazil
São João de Pirabas,Brazil
Itanhém,Brazil
Coronel Vivida,Brazil
São Francisco de Paula,Brazil
Caracaraí,Brazil
Miracatu,Brazil
Nova Xavantina,Brazil
Altônia,Brazil
Encantado,Brazil
Alagoa Nova,Brazil
São Joaquim do Monte,Brazil
Canarana I,Brazil
Mirador,Brazil
Cantanhede,Brazil
Cordeiro,Brazil
Muzambinho,Brazil
Carmo do Rio Claro,Brazil
Cruzeiro do Oeste,Brazil
Butiá,Brazil
Terenos,Brazil
João Lisboa,Brazil
Nhamundá,Brazil
Parelhas,Brazil
Madre de Deus,Brazil
Bequimão,Brazil
Encruzilhada,Brazil
Valença do Piauí,Brazil
Cuité,Brazil
Sátiro Dias,Brazil
Itaiópolis,Brazil
Jandaia do Sul,Brazil
Belém de São Francisco,Brazil
São José do Rio Preto,Brazil
Paraguaçu,Brazil
Quissamã,Brazil
Anicuns,Brazil
Água Branca,Brazil
Parnamirim,Brazil
Urussanga,Brazil
Porto Real do Colégio,Brazil
Salvaterra,Brazil
São Luís Gonzaga do Maranhão,Brazil
Uruçuí,Brazil
Chã Grande,Brazil
Araçariguama,Brazil
São Marcos,Brazil
Paraibano,Brazil
Mairi,Brazil
Anagé,Brazil
Itarantim,Brazil
Perdões,Brazil
Junqueirópolis,Brazil
Aquidabã,Brazil
Araruna,Brazil
Guapiaçu,Brazil
Caridade,Brazil
Canto do Buriti,Brazil
Carmo do Cajuru,Brazil
Carira,Brazil
Taquarana,Brazil
São José de Piranhas,Brazil
Andirá,Brazil
São João Batista,Brazil
Ivoti,Brazil
Castilho,Brazil
Major Isidoro,Brazil
Quatro Barras,Brazil
Piratini,Brazil
Cantagalo,Brazil
Santo Amaro da Imperatriz,Brazil
Pradópolis,Brazil
Paulistana,Brazil
Mandaguaçu,Brazil
Coaraci,Brazil
Uruburetama,Brazil
Alpinópolis,Brazil
Itatinga,Brazil
Simonésia,Brazil
Regente Feijó,Brazil
Vazante,Brazil
Comodoro,Brazil
Chopinzinho,Brazil
Pôrto Grande,Brazil
Monte Alegre de Minas,Brazil
Lajinha,Brazil
Barroso,Brazil
Capoeiras,Brazil
Utinga,Brazil
Caraúbas,Brazil
Abaré,Brazil
Barreira,Brazil
Mazagão,Brazil
Lambari,Brazil
Ibicoara,Brazil
São João do Piauí,Brazil
São Gabriel,Brazil
Rio Verde de Mato Grosso,Brazil
Rolante,Brazil
Capela do Alto,Brazil
Quixeré,Brazil
Ituaçu,Brazil
Cocos,Brazil
Pariquera-Açu,Brazil
Riachão do Dantas,Brazil
Paraisópolis,Brazil
Pauini,Brazil
Salgado,Brazil
Juquiá,Brazil
Paranapanema,Brazil
Tibagi,Brazil
Hidrolândia,Brazil
Campina Verde,Brazil
Ibirubá,Brazil
Monte Azul Paulista,Brazil
Venceslau Brás,Brazil
Anori,Brazil
Buerarema,Brazil
Tapejara,Brazil
Águas Formosas,Brazil
Alhandra,Brazil
Horizontina,Brazil
Júlio de Castilhos,Brazil
Nova Olímpia,Brazil
Aroeiras,Brazil
Antas,Brazil
Carambeí,Brazil
Riacho das Almas,Brazil
Maracaçumé,Brazil
Remígio,Brazil
Aporá,Brazil
Vargem Alta,Brazil
Varzelândia,Brazil
Dianópolis,Brazil
Cerqueira César,Brazil
Silvânia,Brazil
Inajá,Brazil
Buriti dos Lopes,Brazil
Umburanas,Brazil
Nova Petrópolis,Brazil
Cabaceiras do Paraguaçu,Brazil
Caconde,Brazil
Chorozinho,Brazil
Rubiataba,Brazil
Chapada dos Guimarães,Brazil
Itatira,Brazil
Santo Antônio do Sudoeste,Brazil
Antonina,Brazil
Conceição,Brazil
Padre Paraíso,Brazil
Cachoeirinha,Brazil
Umirim,Brazil
Arroio do Meio,Brazil
Ipaba,Brazil
Palmeiras,Brazil
Batalha,Brazil
Catarina,Brazil
Quitandinha,Brazil
Ibititá,Brazil
Farias Brito,Brazil
Guaranésia,Brazil
Cafarnaum,Brazil
Pitimbu,Brazil
Pindoretama,Brazil
Ibipeba,Brazil
Carlos Chagas,Brazil
Picuí,Brazil
Boa Vista do Tupim,Brazil
Inhapi,Brazil
Jaguaripe,Brazil
Itapiúna,Brazil
Engenheiro Coelho,Brazil
Malacacheta,Brazil
Olho d’Água das Cunhãs,Brazil
Presidente Olegário,Brazil
Carnaíba,Brazil
Presidente Médici,Brazil
Cariús,Brazil
Capanema,Brazil
Conceição do Almeida,Brazil
Plácido de Castro,Brazil
Neópolis,Brazil
Cândido Mendes,Brazil
Fátima,Brazil
Tonantins,Brazil
Piatã,Brazil
Arroio Grande,Brazil
Itapaci,Brazil
Siqueira Campos,Brazil
Guabiruba,Brazil
Viradouro,Brazil
Sengés,Brazil
Campos Belos,Brazil
Formoso do Araguaia,Brazil
Icapuí,Brazil
Serra Dourada,Brazil
Reriutaba,Brazil
Belo Campo,Brazil
Jussara,Brazil
Iati,Brazil
Cariré,Brazil
Cajari,Brazil
Castelo do Piauí,Brazil
Itapororoca,Brazil
Serrita,Brazil
Águas de Lindóia,Brazil
Aragarças,Brazil
Pocinhos,Brazil
Condeúba,Brazil
Porto Real,Brazil
Colina,Brazil
Manga,Brazil
Vertentes,Brazil
São Francisco de Assis,Brazil
Tremedal,Brazil
Santo Antônio do Leverger,Brazil
São José da Coroa Grande,Brazil
Xapuri,Brazil
Beruri,Brazil
Ipanema,Brazil
Alto Araguaia,Brazil
Araçoiaba,Brazil
Tapauá,Brazil
Central,Brazil
Garopaba,Brazil
Santa Vitória,Brazil
São Miguel do Tapuio,Brazil
Atalaia do Norte,Brazil
Três Barras,Brazil
Solonópole,Brazil
Paraibuna,Brazil
Piúma,Brazil
Madalena,Brazil
Manari,Brazil
Pastos Bons,Brazil
Turmalina,Brazil
Ingá,Brazil
Cruz Machado,Brazil
Mirangaba,Brazil
Jaicós,Brazil
Itaberá,Brazil
Piaçabuçu,Brazil
Messias,Brazil
Mirante do Paranapanema,Brazil
Ibirataia,Brazil
Ervália,Brazil
Mendes,Brazil
Antenor Navarro,Brazil
Papanduva,Brazil
Mâncio Lima,Brazil
Juazeirinho,Brazil
Marechal Taumaturgo,Brazil
Guapiara,Brazil
Jaguaretama,Brazil
Arinos,Brazil
Jacupiranga,Brazil
Montanha,Brazil
Barão do Grajaú,Brazil
Rio Claro,Brazil
Anadia,Brazil
São Benedito do Rio Preto,Brazil
Nazaré Paulista,Brazil
Morros,Brazil
Lagoa da Canoa,Brazil
Porciúncula,Brazil
Cairu,Brazil
Itacarambi,Brazil
Canapi,Brazil
Tanque Novo,Brazil
Rio Maria,Brazil
Jucurutu,Brazil
Pio IX,Brazil
Novo Airão,Brazil
Boqueirão,Brazil
Sapeaçu,Brazil
Pirapora do Bom Jesus,Brazil
Ribeirão Branco,Brazil
Matipó,Brazil
Cipó,Brazil
Poção de Pedras,Brazil
Belém,Brazil
Varjota,Brazil
Magalhães de Almeida,Brazil
Afrânio,Brazil
Filadélfia,Brazil
Passagem Franca,Brazil
Regeneração,Brazil
Rio Bananal,Brazil
Nova Era,Brazil
Sapucaia,Brazil
Conceição do Mato Dentro,Brazil
Cafelândia,Brazil
Luz,Brazil
São Raimundo das Mangabeiras,Brazil
Pôrto Acre,Brazil
Malhada,Brazil
Carmo,Brazil
Cássia,Brazil
Conchas,Brazil
Tapiramutá,Brazil
Hidrolândia,Brazil
Pirapemas,Brazil
Santo Antônio do Amparo,Brazil
Souto Soares,Brazil
Ibirama,Brazil
São Domingos do Prata,Brazil
Muniz Freire,Brazil
Banabuiú,Brazil
Ampère,Brazil
Urandi,Brazil
Jaguaruna,Brazil
Taió,Brazil
Peçanha,Brazil
Bom Sucesso,Brazil
São João dos Poleiros,Brazil
Piranga,Brazil
Cruz do Espírito Santo,Brazil
Santa Maria das Barreiras,Brazil
Canudos,Brazil
Ribeirópolis,Brazil
Santana do Cariri,Brazil
Cesário Lange,Brazil
Urucará,Brazil
Lagoa Formosa,Brazil
Itirapina,Brazil
Adustina,Brazil
Cacimba de Dentro,Brazil
Belterra,Brazil
Amarante,Brazil
Jaboticatubas,Brazil
Araçagi,Brazil
Pontalina,Brazil
Borda da Mata,Brazil
Rio Pomba,Brazil
Camocim de São Félix,Brazil
Abelardo Luz,Brazil
Resplendor,Brazil
Elias Fausto,Brazil
Nova Canaã,Brazil
Piçarras,Brazil
Croatá,Brazil
Capistrano,Brazil
Carmópolis de Minas,Brazil
Água Fria,Brazil
Costa Marques,Brazil
Fundão,Brazil
Rosário Oeste,Brazil
Macatuba,Brazil
Jericoacoara,Brazil
São Vicente Férrer,Brazil
Aiuaba,Brazil
Capela,Brazil
Terra Santa,Brazil
Cêrro Azul,Brazil
Seara,Brazil
América Dourada,Brazil
Dormentes,Brazil
São Caetano de Odivelas,Brazil
Alto Santo,Brazil
Bonito,Brazil
Guareí,Brazil
Japaratuba,Brazil
Areia Branca,Brazil
Tejuçuoca,Brazil
Pedra Preta,Brazil
Severínia,Brazil
Pindaí,Brazil
Sumé,Brazil
Itariri,Brazil
Terra Roxa d’Oeste,Brazil
Caiapônia,Brazil
Campo do Brito,Brazil
Carnaubal,Brazil
Potirendaba,Brazil
Monsenhor Tabosa,Brazil
Ibitiara,Brazil
Ibicuí,Brazil
Salesópolis,Brazil
Pôrto Murtinho,Brazil
Mangueirinha,Brazil
Tapes,Brazil
Bacuri,Brazil
Buritama,Brazil
Cristinápolis,Brazil
Pedregulho,Brazil
Água Branca,Brazil
Clevelândia,Brazil
Itaeté,Brazil
Charqueada,Brazil
Agudo,Brazil
Bady Bassitt,Brazil
Maruim,Brazil
Pindorama,Brazil
Realeza,Brazil
Otacílio Costa,Brazil
Pinhalzinho,Brazil
Faxinal,Brazil
Corbélia,Brazil
Ourém,Brazil
Acarape,Brazil
Igaporã,Brazil
Araputanga,Brazil
Altinópolis,Brazil
Ponto Novo,Brazil
Getúlio Vargas,Brazil
São Pedro do Sul,Brazil
Morro da Fumaça,Brazil
Porto Belo,Brazil
Matelândia,Brazil
Glória,Brazil
Barra de Santo Antônio,Brazil
Venturosa,Brazil
Nova Ipixuna,Brazil
Palmitos,Brazil
Lagoa do Carro,Brazil
Piancó,Brazil
Caetano,Brazil
Fartura,Brazil
Poço Fundo,Brazil
Augustinópolis,Brazil
Aveiro,Brazil
Não-Me-Toque,Brazil
Poxoréo,Brazil
Contenda,Brazil
Tabatinga,Brazil
Bituruna,Brazil
Giruá,Brazil
São Paulo do Potengi,Brazil
Jussara,Brazil
Ibateguara,Brazil
Indiaroba,Brazil
Tocantins,Brazil
Jataúba,Brazil
João Neiva,Brazil
Lagoa Real,Brazil
Biritinga,Brazil
Joaquim Nabuco,Brazil
Barrocas,Brazil
Itajibá,Brazil
Crixás,Brazil
Pereiro,Brazil
Abadiânia,Brazil
Santa Cecília,Brazil
Saboeiro,Brazil
Restinga Sêca,Brazil
Iguatemi,Brazil
Morretes,Brazil
Acajutiba,Brazil
Itaquitinga,Brazil
Poté,Brazil
Sertanópolis,Brazil
Rio do Antônio,Brazil
Lagoa dos Gatos,Brazil
Passa Quatro,Brazil
Borborema,Brazil
Ipuã,Brazil
Bonito,Brazil
São João Evangelista,Brazil
Mujuí dos Campos,Brazil
Alvarães,Brazil
Ipecaetá,Brazil
Piquet Carneiro,Brazil
Panorama,Brazil
Salitre,Brazil
Taperoá,Brazil
Campanha,Brazil
Passo de Camarajibe,Brazil
Sabinópolis,Brazil
Itapiranga,Brazil
Coremas,Brazil
Jacaraci,Brazil
Vila Bela da Santíssima Trindade,Brazil
Salinas da Margarida,Brazil
Barro Alto,Brazil
Nova Resende,Brazil
Sananduva,Brazil
Serra Preta,Brazil
Raposos,Brazil
Eldorado,Brazil
Schroeder,Brazil
Saloá,Brazil
Ibipitanga,Brazil
Capinópolis,Brazil
Santa Luzia,Brazil
Ribeiro do Amparo,Brazil
Espumoso,Brazil
Uiraúna,Brazil
Terra Rica,Brazil
Brejões,Brazil
Tartarugalzinho,Brazil
Teolândia,Brazil
Santa Adélia,Brazil
São Lourenço da Serra,Brazil
Itajobi,Brazil
Alvinópolis,Brazil
Tupi Paulista,Brazil
Mata Roma,Brazil
Barra de Santa Rosa,Brazil
Canutama,Brazil
Santa Brígida,Brazil
Fortuna,Brazil
São Félix,Brazil
Natividade do Carangola,Brazil
Bela Vista do Paraíso,Brazil
Porteiras,Brazil
Taguatinga,Brazil
Jiquiriçá,Brazil
Grão Mogol,Brazil
Triunfo,Brazil
Quixelô,Brazil
Candói,Brazil
Iporã,Brazil
Coribe,Brazil
Teixeira,Brazil
Auriflama,Brazil
Assaí,Brazil
Itaú de Minas,Brazil
Joaíma,Brazil
Nobres,Brazil
Botelhos,Brazil
Sumidouro,Brazil
Presidente Getúlio,Brazil
Mascote,Brazil
Bom Jesus do Galho,Brazil
Areado,Brazil
Inhuma,Brazil
Brasil Novo,Brazil
Cambuci,Brazil
Bom Lugar,Brazil
Fortim,Brazil
Dionísio Cerqueira,Brazil
Pouso Redondo,Brazil
Cândido de Abreu,Brazil
Nova Timboteua,Brazil
Andorinha,Brazil
Buritirama,Brazil
Garuva,Brazil
Montalvânia,Brazil
Água Clara,Brazil
Vargem da Roça,Brazil
Angical,Brazil
Soledade,Brazil
Presidente Dutra,Brazil
Massaranduba,Brazil
Candiba,Brazil
Cafelândia,Brazil
Tapejara,Brazil
Candeias,Brazil
Cruzília,Brazil
Boninal,Brazil
Ipauçu,Brazil
Boa Nova,Brazil
Tavares,Brazil
Apuiarés,Brazil
Bicas,Brazil
Boa Esperança do Sul,Brazil
Jurema,Brazil
Tijucas do Sul,Brazil
Santa Branca,Brazil
Barra do Mendes,Brazil
Guiratinga,Brazil
Água Boa,Brazil
Paulino Neves,Brazil
Elesbão Veloso,Brazil
Alterosa,Brazil
Poço das Trincheiras,Brazil
Manoel Vitorino,Brazil
Uibaí,Brazil
Barroquinha,Brazil
Pé de Serra,Brazil
Pinhalzinho,Brazil
Brazópolis,Brazil
Tururu,Brazil
Graça,Brazil
Itinga,Brazil
Cotegipe,Brazil
Muqui,Brazil
Igrapiúna,Brazil
Santa Maria do Suaçuí,Brazil
Dom Feliciano,Brazil
Jacaraú,Brazil
Mirandiba,Brazil
Cristópolis,Brazil
Orizona,Brazil
Bombinhas,Brazil
Tarumirim,Brazil
Frei Miguelinho,Brazil
Santo Antônio dos Lopes,Brazil
Alagoinha,Brazil
Marechal Floriano,Brazil
Nova Olinda,Brazil
Serafina Corêa,Brazil
Entre Rios de Minas,Brazil
Brasilândia,Brazil
Mirinzal,Brazil
Campos Altos,Brazil
Capitão Enéas,Brazil
Tarumã,Brazil
Boa Esperança,Brazil
Baianópolis,Brazil
Nilo Peçanha,Brazil
Simões,Brazil
Rebouças,Brazil
Itanhandu,Brazil
Papagaios,Brazil
Nioaque,Brazil
Ipiranga,Brazil
Rio Piracicaba,Brazil
Piquete,Brazil
Felixlândia,Brazil
Gurinhém,Brazil
Pedro Velho,Brazil
Alvorada D’Oeste,Brazil
Mucambo,Brazil
Patrocínio Paulista,Brazil
Rio Azul,Brazil
Xexéu,Brazil
Aracatu,Brazil
Italva,Brazil
Maria da Fé,Brazil
Campina da Lagoa,Brazil
Astolfo Dutra,Brazil
Itaguaçu,Brazil
Itamonte,Brazil
Guapó,Brazil
Petrolândia,Brazil
Pacaembu,Brazil
Alfredo Chaves,Brazil
Primeira Cruz,Brazil
Poço Branco,Brazil
Iraci,Brazil
Anapurus,Brazil
Curiúva,Brazil
Maracaí,Brazil
Engenheiro Beltrão,Brazil
Marmeleiro,Brazil
Brejo do Cruz,Brazil
Jutaí,Brazil
Frei Paulo,Brazil
Guapé,Brazil
Ipanguaçu,Brazil
Corupá,Brazil
Santo Augusto,Brazil
Cabo Verde,Brazil
Uruana,Brazil
Joaquim Pires,Brazil
Miraí,Brazil
Peri-Mirim,Brazil
Curuá,Brazil
Casinhas,Brazil
Heliópolis,Brazil
Mansidão,Brazil
Alagoinha,Brazil
Carmo de Minas,Brazil
Palmeirais,Brazil
Andaraí,Brazil
Carlópolis,Brazil
Jupi,Brazil
São João do Triunfo,Brazil
Quatá,Brazil
Meruoca,Brazil
Camapuã,Brazil
São José do Cedro,Brazil
Cidelândia,Brazil
Alto Paraná,Brazil
Itapagipe,Brazil
Massaranduba,Brazil
Alto Longá,Brazil
Caldeirão Grande,Brazil
São Pedro do Piauí,Brazil
Pedreiras,Brazil
Caldas,Brazil
Monte Alegre de Sergipe,Brazil
Santa Luzia,Brazil
Peabiru,Brazil
Virgem da Lapa,Brazil
Rio de Contas,Brazil
Paranhos,Brazil
Mantenópolis,Brazil
Arroio dos Ratos,Brazil
Urucuia,Brazil
Machados,Brazil
Presidente Bernardes,Brazil
Serra Branca,Brazil
Puxinanã,Brazil
Itapetim,Brazil
Terra Boa,Brazil
Quatis,Brazil
Maribondo,Brazil
Águas Vermelhas,Brazil
Alexandria,Brazil
Jardim de Piranhas,Brazil
Urupês,Brazil
Carmópolis,Brazil
Rio Casca,Brazil
Várzea Nova,Brazil
Abre Campo,Brazil
Primavera,Brazil
Matias Barbosa,Brazil
Tenente Portela,Brazil
Pendências,Brazil
Dores do Indaiá,Brazil
Araruna,Brazil
Mozarlândia,Brazil
Satuba,Brazil
Luís Antônio,Brazil
Serrolândia,Brazil
Santa Filomena,Brazil
Carapebus,Brazil
Itagi,Brazil
Crissiumal,Brazil
Arara,Brazil
Itapuí,Brazil
Nordestina,Brazil
Sítio do Mato,Brazil
Retirolândia,Brazil
Mogeiro,Brazil
Nova Veneza,Brazil
Itiruçu,Brazil
Jitaúna,Brazil
Cêrro Largo,Brazil
Caçu,Brazil
Demerval Lobão,Brazil
Alto Alegre dos Parecis,Brazil
Paripueira,Brazil
Engenheiro Paulo de Frontin,Brazil
Serra Azul,Brazil
Juruá,Brazil
Mario Campos,Brazil
Orocó,Brazil
Presidente Jânio Quadros,Brazil
Manuel Ribas,Brazil
São João do Araguaia,Brazil
Sete Barras,Brazil
Pacatuba,Brazil
Uarini,Brazil
Piratininga,Brazil
Milhã,Brazil
Tapiratiba,Brazil
Nova Londrina,Brazil
Monte Belo,Brazil
Tracunhaém,Brazil
Mirabela,Brazil
Tabocas do Brejo Velho,Brazil
Mamborê,Brazil
Wanderley,Brazil
Governador Celso Ramos,Brazil
Siderópolis,Brazil
Upanema,Brazil
Frecheirinha,Brazil
Santa Luzia do Itanhy,Brazil
Licínio de Almeida,Brazil
Palmital,Brazil
Cantagalo,Brazil
Conceição do Rio Verde,Brazil
Ribeirão do Pinhal,Brazil
Japoatã,Brazil
Morungaba,Brazil
Arês,Brazil
Ibaretama,Brazil
Ribeirão Bonito,Brazil
Mar de Espanha,Brazil
Uruoca,Brazil
Tomar do Geru,Brazil
Choró,Brazil
Antônio Prado,Brazil
Ivaí,Brazil
Nova Ponte,Brazil
Flexeiras,Brazil
Lucena,Brazil
Miraíma,Brazil
São Sebastião do Uatumã,Brazil
Novo Lino,Brazil
Porecatu,Brazil
Saúde,Brazil
Rio Vermelho,Brazil
Tacaimbó,Brazil
Joanópolis,Brazil
Avanhandava,Brazil
Mineiros do Tietê,Brazil
Ataléia,Brazil
Cidreira,Brazil
Arroio do Tigre,Brazil
Miranorte,Brazil
Jaciara,Brazil
Itiquira,Brazil
Chaval,Brazil
Martinho Campos,Brazil
Cananéia,Brazil
Cambuquira,Brazil
Cardoso Moreira,Brazil
Taguaí,Brazil
Barra do Ribeiro,Brazil
Duartina,Brazil
Correia Pinto,Brazil
Vianópolis,Brazil
Buenos Aires,Brazil
Iconha,Brazil
Nossa Senhora do Livramento,Brazil
Dom Basílio,Brazil
Xavantes,Brazil
Mortugaba,Brazil
Nina Rodrigues,Brazil
Cortês,Brazil
Araçás,Brazil
Santa Mariana,Brazil
Iaciara,Brazil
Cacequi,Brazil
Caapiranga,Brazil
Valentim Gentil,Brazil
Mato Verde,Brazil
Quatipuru,Brazil
Guamaré,Brazil
Chã da Alegria,Brazil
Balneário do Rincão,Brazil
Governador Dix-Sept Rosado,Brazil
Itaguara,Brazil
Feliz,Brazil
São José do Campestre,Brazil
São Sebastião da Grama,Brazil
Ilhota,Brazil
Palmares Paulista,Brazil
São Luís do Curu,Brazil
Cruzeiro do Sul,Brazil
Anamã,Brazil
Jequeri,Brazil
Matina,Brazil
Mirante da Serra,Brazil
Alto do Rodrigues,Brazil
Cardoso,Brazil
Tamarana,Brazil
Lagoa Dourada,Brazil
Piripá,Brazil
Saubara,Brazil
Palestina,Brazil
Antônio Cardoso,Brazil
Jaguapitã,Brazil
Guaraniaçu,Brazil
Paulista,Brazil
Andrelândia,Brazil
Mulungu do Morro,Brazil
Santa Leopoldina,Brazil
Pinheiro Machado,Brazil
Nova Trento,Brazil
Antônio Gonçalves,Brazil
Ibiraci,Brazil
Eldorado,Brazil
Ielmo Marinho,Brazil
São Francisco do Maranhão,Brazil
Salgado de São Félix,Brazil
Jacinto,Brazil
Lagoa do Ouro,Brazil
Mostardas,Brazil
Capela do Alto Alegre,Brazil
Jardim do Seridó,Brazil
Tabapuã,Brazil
Rio do Pires,Brazil
Simplício Mendes,Brazil
Nonoai,Brazil
Flores de Goiás,Brazil
Goiatins,Brazil
Malhador,Brazil
Moreira Sales,Brazil
Ubaporanga,Brazil
São Pedro da Água Branca,Brazil
Dário Meira,Brazil
São Miguel das Matas,Brazil
Ipaumirim,Brazil
Palmácia,Brazil
Betânia,Brazil
Poranga,Brazil
Guimarães,Brazil
Patu,Brazil
Santana do Matos,Brazil
Nova Crixás,Brazil
Brejetuba,Brazil
Porto,Brazil
Rio Paranaíba,Brazil
Jataìzinho,Brazil
Berilo,Brazil
Ibirá,Brazil
Itanhomi,Brazil
Turvo,Brazil
Seringueiras,Brazil
Lebon Régis,Brazil
Macajuba,Brazil
Carmo da Cachoeira,Brazil
Bocaina,Brazil
Itaipé,Brazil
Bom Princípio,Brazil
Carnaubeira da Penha,Brazil
Iguaraci,Brazil
Olivença,Brazil
Paraíso do Norte,Brazil
Santa Cruz da Baixa Verde,Brazil
Sítio do Quinto,Brazil
Riolândia,Brazil
Imaculada,Brazil
Campo Alegre,Brazil
Arataca,Brazil
Pimenteiras,Brazil
Querência do Norte,Brazil
Irupi,Brazil
Colares,Brazil
Missões,Brazil
Bonito de Santa Fé,Brazil
Conceição do Castelo,Brazil
Ubaí,Brazil
Gouvêa,Brazil
São Sebastião de Lagoa de Roça,Brazil
São João do Manhuaçu,Brazil
Nossa Senhora dos Milagres,Brazil
Fortaleza dos Nogueiras,Brazil
Guaiçara,Brazil
Capela de Santana,Brazil
Pacoti,Brazil
Santo Antônio do Jacinto,Brazil
Quebrangulo,Brazil
Firminópolis,Brazil
Brejinho,Brazil
Angicos,Brazil
Pedro Afonso,Brazil
Pôrto Esperidião,Brazil
Ouro Branco,Brazil
Alto Garças,Brazil
Sebastião Laranjeiras,Brazil
Chorrochó,Brazil
Maurilândia,Brazil
Jaqueira,Brazil
Buriti do Tocantins,Brazil
Muquém de São Francisco,Brazil
Divinolândia,Brazil
Ilicínia,Brazil
Xambioá,Brazil
Senador José Porfírio,Brazil
Campo do Meio,Brazil
Bom Retiro do Sul,Brazil
Antônio Carlos,Brazil
Lençóis,Brazil
Sales Oliveira,Brazil
Ferreiros,Brazil
Barbosa Ferraz,Brazil
Areal,Brazil
Gentio do Ouro,Brazil
Sào Amaro das Brotas,Brazil
Axixá,Brazil
Gararu,Brazil
Loreto,Brazil
Tibau do Sul,Brazil
Fagundes,Brazil
Canápolis,Brazil
Aratuba,Brazil
Abaiara,Brazil
Teixeiras,Brazil
Belém de Maria,Brazil
Porto Valter,Brazil
Ipaporanga,Brazil
Santa Juliana,Brazil
Ibicuitinga,Brazil
Iuiú,Brazil
Rio Novo do Sul,Brazil
Alcântaras,Brazil
Aramari,Brazil
Floresta Azul,Brazil
Bom Jesus,Brazil
Paramoti,Brazil
Nhandeara,Brazil
Balsa Nova,Brazil
Anguera,Brazil
Getulina,Brazil
Cristais,Brazil
Imbaú,Brazil
Uraí,Brazil
Uropá,Brazil
São Domingos,Brazil
Edéia,Brazil
Poção,Brazil
Nova Laranjeiras,Brazil
Piên,Brazil
Bataiporã,Brazil
Inhangapi,Brazil
Maraial,Brazil
Pirangi,Brazil
Dois Riachos,Brazil
São Félix do Araguaia,Brazil
Montanhas,Brazil
Jardim Alegre,Brazil
Ibiraçu,Brazil
Santa Inês,Brazil
Bernardino de Campos,Brazil
Barros Cassal,Brazil
São Jerônimo da Serra,Brazil
Fronteiras,Brazil
Campinorte,Brazil
Itainópolis,Brazil
Marilândia,Brazil
Passa e Fica,Brazil
Parapuã,Brazil
Nova Ubiratã,Brazil
Brotas de Macaúbas,Brazil
Avelino Lopes,Brazil
Manaíra,Brazil
Iacanga,Brazil
Jandaíra,Brazil
Altamira do Maranhão,Brazil
Cidade Gaúcha,Brazil
São José do Jacuípe,Brazil
Areiópolis,Brazil
Igarapé Grande,Brazil
Acari,Brazil
Cachoeira de Minas,Brazil
Céu Azul,Brazil
Ponte Serrada,Brazil
Botuporã,Brazil
Calçado,Brazil
Santana do Mundaú,Brazil
Moita Bonita,Brazil
Paranatama,Brazil
Vera Cruz,Brazil
São Ludgero,Brazil
Santa Teresinha (2),Brazil
Bocaiúva do Sul,Brazil
Wanderlândia,Brazil
Palmares do Sul,Brazil
Pedro de Toledo,Brazil
General Salgado,Brazil
Capitão de Campos,Brazil
Inácio Martins,Brazil
Mulungu,Brazil
Lagoa do Mato,Brazil
Duas Barras,Brazil
Carmo da Mata,Brazil
Rodeio,Brazil
Alto Paraguai,Brazil
Cerro Corá,Brazil
Resende Costa,Brazil
Pau Brasil,Brazil
Seridó,Brazil
Bueno Brandão,Brazil
Cacimbinhas,Brazil
Setubinha,Brazil
Itapebi,Brazil
Itarana,Brazil
Jerônimo Monteiro,Brazil
Bofete,Brazil
Estiva Gerbi,Brazil
Governador Lindenberg,Brazil
São Bento do Sapucaí,Brazil
Paraúna,Brazil
Alto Rio Doce,Brazil
Amaturá,Brazil
Estiva,Brazil
Afonso Bezerra,Brazil
Primeiro de Maio,Brazil
São Tomé,Brazil
Laranja da Terra,Brazil
Tacima,Brazil
Itapitanga,Brazil
Rincão,Brazil
Cedro,Brazil
Guaraci,Brazil
Ararendá,Brazil
Bananal,Brazil
Alto Parnaíba,Brazil
Jaguari,Brazil
Centenário do Sul,Brazil
Curimatá,Brazil
Piraúba,Brazil
Pintadas,Brazil
Itatuba,Brazil
Joaquim Távora,Brazil
São Luís do Paraitinga,Brazil
Presidente Vargas,Brazil
Seberi,Brazil
Urubici,Brazil
Brejolândia,Brazil
Goianápolis,Brazil
Itabirinha de Mantena,Brazil
Nova Olinda,Brazil
Itaueira,Brazil
Branquinha,Brazil
Juripiranga,Brazil
Nova Floresta,Brazil
Duque Bacelar,Brazil
Faxinal dos Guedes,Brazil
Mara Rosa,Brazil
Ribeirão Claro,Brazil
Coité do Nóia,Brazil
Gravatal,Brazil
Gudofredo Viana,Brazil
Cunha Porã,Brazil
Jucati,Brazil
Canelinha,Brazil
Cajapió,Brazil
Lavínia,Brazil
Santa Teresinha,Brazil
Montividiu,Brazil
São Tiago,Brazil
Pirpirituba,Brazil
Bom Jesus da Serra,Brazil
Cachoeira Alta,Brazil
Santa Maria de Itabira,Brazil
Serra do Salitre,Brazil
Eugenópolis,Brazil
Paricônia,Brazil
Arraias,Brazil
Rialma,Brazil
Umarizal,Brazil
Ibiassucê,Brazil
Iramaia,Brazil
Virginópolis,Brazil
Arceburgo,Brazil
Matias Olímpio,Brazil
Congonhal,Brazil
Bom Repouso,Brazil
Dona Inês,Brazil
Florestópolis,Brazil
Natuba,Brazil
Irineópolis,Brazil
Sucupira do Norte,Brazil
Maxaranguape,Brazil
Nova Europa,Brazil
Luís Alves,Brazil
Santa Fé,Brazil
Baraçlândia,Brazil
Pôrto Firme,Brazil
São José do Calçado,Brazil
Gilbués,Brazil
Sangão,Brazil
Jaguaribara,Brazil
São Gonçalo do Pará,Brazil
Conceição dos Ouros,Brazil
Planura,Brazil
Peixe,Brazil
Lajes,Brazil
Jacinto Machado,Brazil
Mercês,Brazil
Pirapetinga,Brazil
Corumbá de Goiás,Brazil
Piraí do Norte,Brazil
Fervedouro,Brazil
Monte Alegre do Piauí,Brazil
Roseira,Brazil
Cajobi,Brazil
Normandia,Brazil
Paranã,Brazil
Benedito Novo,Brazil
Monsenhor Gil,Brazil
Jordânia,Brazil
Conceição da Aparecida,Brazil
Santa Maria Madalena,Brazil
Iapu,Brazil
Pedras de Maria da Cruz,Brazil
Presidente Kennedy,Brazil
Santa Terezinha de Goiás,Brazil
Recreio,Brazil
Cedral,Brazil
Buenópolis,Brazil
São Carlos,Brazil
Urucânia,Brazil
Trajano de Morais,Brazil
Roca Sales,Brazil
Rio dos Cedros,Brazil
Petrolina de Goiás,Brazil
Teixeira Soares,Brazil
Alvorada do Sul,Brazil
Engenheiro Caldas,Brazil
Potengi,Brazil
São Romão,Brazil
Parnaguá,Brazil
Piranhas,Brazil
São Domingos,Brazil
Cêrro Grande,Brazil
Guadalupe,Brazil
Primavera,Brazil
Campo Redondo,Brazil
Centralina,Brazil
São Geraldo,Brazil
Terra Alta,Brazil
São Francisco,Brazil
São João d’Aliança,Brazil
Miradouro,Brazil
Paranacity,Brazil
Francisco Badaró,Brazil
Lontras,Brazil
Mucugê,Brazil
Fontoura Xavier,Brazil
Mondaí,Brazil
Groaíras,Brazil
Itapé,Brazil
Àrvorezinha,Brazil
Mariluz,Brazil
Redentora,Brazil
Ronda Alta,Brazil
Caetanópolis,Brazil
Três Cachoeiras,Brazil
Pires Ferreira,Brazil
Martinópole,Brazil
Aperibé,Brazil
Caracol,Brazil
Lagoa da Confusão,Brazil
Governador Archer,Brazil
Angelim,Brazil
Senhora dos Remédios,Brazil
Pôrto Xavier,Brazil
Cumaru,Brazil
São João,Brazil
São Pedro do Ivaí,Brazil
Catanduvas,Brazil
Caatiba,Brazil
Calçoene,Brazil
Novo Horizonte,Brazil
Itamogi,Brazil
Jucuruçu,Brazil
Caém,Brazil
Canápolis,Brazil
Rinópolis,Brazil
Cachoeira dos Índios,Brazil
Ipupiara,Brazil
Iretama,Brazil
Santa Teresa,Brazil
Água Branca,Brazil
Maiquinique,Brazil
Sinimbu,Brazil
Rio do Fogo,Brazil
Guaraciaba,Brazil
Planalto,Brazil
Caraíbas,Brazil
Bela Vista de Minas,Brazil
Cristino Castro,Brazil
Pescaria Brava,Brazil
Matias Cardoso,Brazil
Uchoa,Brazil
São Sebastião do Maranhão,Brazil
Ventania,Brazil
Catunda,Brazil
Imaruí,Brazil
Arauá,Brazil
Coroaci,Brazil
Coronel Freitas,Brazil
Itatiaiuçu,Brazil
Rubim,Brazil
Beneditinos,Brazil
Mirante,Brazil
Juru,Brazil
Umburetama,Brazil
Tenente Ananias,Brazil
Terra de Areia,Brazil
Vargem,Brazil
Torrinha,Brazil
Mulungu,Brazil
Sarapuí,Brazil
Quilombo,Brazil
Guia Lopes da Laguna,Brazil
Ninheira,Brazil
Alto Piquiri,Brazil
São Gonçalo do Rio Abaixo,Brazil
Sairé,Brazil
Carnaubais,Brazil
Caturama,Brazil
Constantina,Brazil
Cardeal da Silva,Brazil
Barracão,Brazil
Wagner,Brazil
Ferros,Brazil
Bujari,Brazil
Roncador,Brazil
Luís Gomes,Brazil
Apiúna,Brazil
Palmeira d’Oeste,Brazil
Manduri,Brazil
Prudente de Morais,Brazil
Ouroeste,Brazil
Catanduvas,Brazil
Ipuiúna,Brazil
Águia Branca,Brazil
Ananás,Brazil
Esperantina,Brazil
Varre-Sai,Brazil
Planaltino,Brazil
Arenápolis,Brazil
Triunfo,Brazil
Lamarão,Brazil
Santanópolis,Brazil
Olho d’Água do Casado,Brazil
Bom Jesus,Brazil
São Domingos,Brazil
Várzea do Poço,Brazil
Montes Altos,Brazil
Alfredo Wagner,Brazil
Santa Maria,Brazil
Grossos,Brazil
Cavalcante,Brazil
Açucena,Brazil
Varzedo,Brazil
Riacho dos Machados,Brazil
Riachuelo,Brazil
Igaratá,Brazil
Ipiranga do Piauí,Brazil
Porangaba,Brazil
Dores de Campos,Brazil
Terra Nova,Brazil
Herculândia,Brazil
Ariranha,Brazil
Antônio Dias,Brazil
Axixá do Tocantins,Brazil
Paula Cândido,Brazil
Igaratinga,Brazil
Juruaia,Brazil
Abaíra,Brazil
Salto Grande,Brazil
Rosário do Catete,Brazil
Dumont,Brazil
Carneiros,Brazil
Carbonita,Brazil
Verdejante,Brazil
Urânia,Brazil
Palmeiras,Brazil
Coqueiral,Brazil
Aratuípe,Brazil
Coronel Murta,Brazil
Terra Roxa,Brazil
Paranaiguana,Brazil
Anísio de Abreu,Brazil
Rio Acima,Brazil
Pântano Grande,Brazil
Silves,Brazil
Buriti Alegre,Brazil
Caputira,Brazil
São Jorge d’Oeste,Brazil
Januário Cicco,Brazil
Candeal,Brazil
Neves Paulista,Brazil
Rafard,Brazil
Maravilha,Brazil
Natividade,Brazil
Sítio Novo de Goiás,Brazil
Rondon,Brazil
Divisópolis,Brazil
Potiraguá,Brazil
Morpará,Brazil
Florânia,Brazil
André Fernandes,Brazil
Itapiranga,Brazil
Carmo do Rio Verde,Brazil
Santa Rita de Caldas,Brazil
Paulo de Faria,Brazil
Frei Inocêncio,Brazil
Dourado,Brazil
Malhada de Pedras,Brazil
São Sebastião do Alto,Brazil
Rodelas,Brazil
Araújos,Brazil
Anaurilândia,Brazil
Capim Branco,Brazil
Palhano,Brazil
Jacareacanga,Brazil
Brejão,Brazil
Nova Bassano,Brazil
Ouriçangas,Brazil
Lajedo do Tabocal,Brazil
Cordeiros,Brazil
Pedrinhas,Brazil
Baía da Traição,Brazil
São José da Bela Vista,Brazil
Marilândia do Sul,Brazil
Guajeru,Brazil
Bálsamo,Brazil
Candiota,Brazil
Serra Caiada,Brazil
Cedral,Brazil
Ibirapuã,Brazil
Barro Alto,Brazil
Catuípe,Brazil
Santa Lúcia,Brazil
São Miguel,Brazil
Santana do Manhuaçu,Brazil
Cordisburgo,Brazil
Itapeva,Brazil
Tangará,Brazil
Casca,Brazil
Reginópolis,Brazil
São Sebastião da Amoreira,Brazil
Virgínia,Brazil
Amapá,Brazil
Dobrada,Brazil
Francisco Santos,Brazil
Jauru,Brazil
Itauçu,Brazil
Baía Formosa,Brazil
Tarrafas,Brazil
Pratápolis,Brazil
Riacho dos Cavalos,Brazil
Rio das Flores,Brazil
Tanquinho,Brazil
Queimada Nova,Brazil
Japurá,Brazil
Tuneiras do Oeste,Brazil
Guaraçaí,Brazil
Santa Isabel do Ivaí,Brazil
Itaquara,Brazil
Itamari,Brazil
Nova Glória,Brazil
Araguaçu,Brazil
Estrêla d’Oeste,Brazil
Vera Cruz do Oeste,Brazil
Araponga,Brazil
São Vicente do Sul,Brazil
Elísio Medrado,Brazil
Barra do Sul,Brazil
Bom Jardim de Goiás,Brazil
Campo Erê,Brazil
Serra dos Aimorés,Brazil
Entre Ijuís,Brazil
Japaratinga,Brazil
Barra de São Miguel,Brazil
Redenção do Gurguéia,Brazil
Lontra,Brazil
Alvorada,Brazil
Pirambu,Brazil
Aragoiânia,Brazil
Macururé,Brazil
Marcação,Brazil
General Câmara,Brazil
Pocrane,Brazil
São Pedro dos Ferros,Brazil
Arealva,Brazil
Ilha das Flores,Brazil
Guiricema,Brazil
Marcelino Vieira,Brazil
Jóia,Brazil
Ouro Verde,Brazil
Nova Itarana,Brazil
Figueira,Brazil
Congonhinhas,Brazil
Agudos do Sul,Brazil
Monte Castelo,Brazil
Aparecida,Brazil
Guapuã,Brazil
Ribeirão do Largo,Brazil
Morada Nova de Minas,Brazil
Destêrro,Brazil
Carneirinho,Brazil
Pena Forte,Brazil
Isaías Coelho,Brazil
Mataraca,Brazil
Martins,Brazil
Pereiras,Brazil
Nossa Senhora dos Remédios,Brazil
Irapuru,Brazil
Capitólio,Brazil
Corumbaíba,Brazil
Comendador Levy Gasparian,Brazil
Itamarati,Brazil
Formoso,Brazil
São José do Cerrito,Brazil
Monsenhor Paulo,Brazil
Camutanga,Brazil
Santa Cruz do Arari,Brazil
Porto de Pedras,Brazil
Colméia,Brazil
Campos Lindos,Brazil
Vale do Paraíso,Brazil
Nova Fátima,Brazil
Nova Veneza,Brazil
Alvorada do Norte,Brazil
Gongogi,Brazil
Moraújo,Brazil
Califórnia,Brazil
Nazária,Brazil
Santana da Boa Vista,Brazil
Passa Tempo,Brazil
Santa Rosa,Brazil
Tapiraí,Brazil
Paverama,Brazil
Iepê,Brazil
Itanagra,Brazil
Macaubal,Brazil
Cachoeira Dourada,Brazil
Alpestre,Brazil
Águas da Prata,Brazil
Piranguinho,Brazil
Lagoa Alegre,Brazil
Jequitaí,Brazil
Vista Alegre do Alto,Brazil
Icém,Brazil
Clementina,Brazil
Pedra Lavrada,Brazil
Manuel Urbano,Brazil
Buriti dos Montes,Brazil
Iaras,Brazil
Cruzeta,Brazil
Brasileira,Brazil
Jangada,Brazil
Nazareno,Brazil
Tuparetama,Brazil
Iguatama,Brazil
Santa Barbara do Sul,Brazil
Guamiranga,Brazil
São João do Jaguaribe,Brazil
Muniz Ferreira,Brazil
São Miguel dos Milagres,Brazil
Mata Verde,Brazil
Nazário,Brazil
Vertentes do Lério,Brazil
Barão de Melgaço,Brazil
Peixe-Boi,Brazil
Tombos,Brazil
Juarez Távora,Brazil
Ibiaí,Brazil
Itapirapuã,Brazil
Itobi,Brazil
Cristalândia do Piauí,Brazil
Barra do Turvo,Brazil
Saltinho,Brazil
Madeira,Brazil
Marcolândia,Brazil
Tuparendi,Brazil
Tomazina,Brazil
Baldim,Brazil
Tasso Fragoso,Brazil
Icaraíma,Brazil
Irapuã,Brazil
Arneiroz,Brazil
Serra Negra do Norte,Brazil
Apuarema,Brazil
Armazém,Brazil
Santa Cruz do Monte Castelo,Brazil
Brejo Grande,Brazil
Monte Alegre do Sul,Brazil
Monte Alegre de Goiás,Brazil
Jericó,Brazil
Paulo Jacinto,Brazil
Santa Bárbara,Brazil
Bilac,Brazil
Xavantina,Brazil
São José da Lagoa Tapada,Brazil
Boqueirão do Leão,Brazil
Jati,Brazil
Leopoldo de Bulhões,Brazil
Inocência,Brazil
Leão,Brazil
Pedro Gomes,Brazil
Dionísio,Brazil
Catiguá,Brazil
Lagamar,Brazil
Palmeirina,Brazil
Guaraqueçaba,Brazil
Santana de Pirapama,Brazil
Pedrão,Brazil
São Pedro do Turvo,Brazil
Lagoa Salgada,Brazil
Umari,Brazil
Serrania,Brazil
Bonfinópolis,Brazil
Belo Vale,Brazil
Ibirajuba,Brazil
Claro dos Poções,Brazil
Araguapaz,Brazil
Jacuí,Brazil
São José dos Brasílios,Brazil
Aruanã,Brazil
Lindóia,Brazil
Serranópolis,Brazil
Major Vieira,Brazil
Irajuba,Brazil
Montezuma,Brazil
Guarani das Missões,Brazil
Antônio Carlos,Brazil
Guatapará,Brazil
Estrêla do Sul,Brazil
São João do Oriente,Brazil
Lavras do Sul,Brazil
Alpercata,Brazil
Carnaúba dos Dantas,Brazil
Chã Preta,Brazil
Durandé,Brazil
São Miguel das Missões,Brazil
Ascurra,Brazil
Abatiá,Brazil
Santa Terezinha,Brazil
Monsenhor Hipólito,Brazil
Ibirarema,Brazil
Salete,Brazil
Livramento,Brazil
Cabeceiras,Brazil
Itaju do Colônia,Brazil
Antônio Olinto,Brazil
Itagimirim,Brazil
Altaneira,Brazil
Muribeca,Brazil
Palmeirópolis,Brazil
Paraíso do Sul,Brazil
Indaiabira,Brazil
Laje de Muriaé,Brazil
Santa Luzia do Norte,Brazil
Nazaré do Piauí,Brazil
Portalegre,Brazil
Belém do Brejo do Cruz,Brazil
Nazarèzinho,Brazil
Itaiçaba,Brazil
Caraá,Brazil
Caiçara,Brazil
Juranda,Brazil
Orizânia,Brazil
Ouro,Brazil
Coronel Bicaco,Brazil
Praia Grande,Brazil
Guimarânia,Brazil
Monteirópolis,Brazil
Nuporanga,Brazil
Luisiana,Brazil
Cambira,Brazil
Cristalândia,Brazil
Senador Firmino,Brazil
Jussiape,Brazil
Antonina do Norte,Brazil
Ipumirim,Brazil
Cubati,Brazil
Ponte Alta do Tocantins,Brazil
Abel Figueiredo,Brazil
Verê,Brazil
Martins Soares,Brazil
Ibiraiaras,Brazil
Tarabaí,Brazil
Timbó Grande,Brazil
Maravilhas,Brazil
Dois Irmãos do Tocantins,Brazil
Iraí,Brazil
Sericita,Brazil
Campo do Tenente,Brazil
Engenheiro Navarro,Brazil
Joviânia,Brazil
Santana dos Garrotes,Brazil
Itacajá,Brazil
Cônego Marinho,Brazil
Laguna Carapã,Brazil
Rio d’Oeste,Brazil
São Miguel de Taipu,Brazil
Santana da Vargem,Brazil
Manuel Viana,Brazil
Faro,Brazil
Riachuelo,Brazil
Santa Filomena do Maranhão,Brazil
Coimbra,Brazil
Junco do Seridó,Brazil
Serra Redonda,Brazil
Goioxim,Brazil
Lavrinhas,Brazil
Guidoval,Brazil
Quatiguá,Brazil
Alecrim,Brazil
Nova Ibiá,Brazil
São Brás,Brazil
Moema,Brazil
Campestre,Brazil
Barão do Triunfo,Brazil
São Vicente de Minas,Brazil
Jacuípe,Brazil
São José de Ubá,Brazil
Passo do Sertão,Brazil
Destêrro de Entre Rios,Brazil
Meleiro,Brazil
São Tomás de Aquino,Brazil
Lagoa de Pedra,Brazil
Ajuricaba,Brazil
Assis Brasil,Brazil
Faina,Brazil
Paulicéia,Brazil
Ponto Belo,Brazil
Almas,Brazil
Machacalis,Brazil
Abadia dos Dourados,Brazil
Tiradentes,Brazil
Água Doce,Brazil
Santo Antônio do Retiro,Brazil
Campo Belo do Sul,Brazil
Galiléia,Brazil
Jaraguari,Brazil
Lajeado Novo,Brazil
Palmitinho,Brazil
Ipeúna,Brazil
Paulo Frontin,Brazil
Curral de Dentro,Brazil
Inconfidentes,Brazil
Antônio Martins,Brazil
Maquiné,Brazil
São José do Ouro,Brazil
Ferreira Gomes,Brazil
Novo Areal,Brazil
Nova União,Brazil
Gália,Brazil
Glorinha,Brazil
Capetinga,Brazil
Limeira d’Oeste,Brazil
São João Batista do Glória,Brazil
Alto Paraíso de Goiás,Brazil
Boa Vista,Brazil
Felizburgo,Brazil
Treze de Maio,Brazil
Mambaí,Brazil
Campo Florido,Brazil
Rodeiro,Brazil
Salto da Divisa,Brazil
Marilena,Brazil
Granito,Brazil
Senador Sá,Brazil
Ribeiro Gonçalves,Brazil
Cuitegi,Brazil
Ererê,Brazil
Delfinópolis,Brazil
Bonfim,Brazil
Cacimbas,Brazil
Paraí,Brazil
Renascença,Brazil
Campo Largo,Brazil
Roteiro,Brazil
Erval Sêco,Brazil
Jandaíra,Brazil
Ipuaçu,Brazil
Natividade da Serra,Brazil
Bandeirantes,Brazil
São José da Barra,Brazil
Comercinho,Brazil
Periquito,Brazil
Central de Minas,Brazil
Santo Antônio do Pinhal,Brazil
São Miguel do Anta,Brazil
Herval,Brazil
Santa Cruz da Vitória,Brazil
Açuã,Brazil
Quixaba,Brazil
Santo Antônio da Alegria,Brazil
Terezinha,Brazil
Tocantínia,Brazil
Inimutaba,Brazil
Sapopema,Brazil
Araporã,Brazil
Monte do Carmo,Brazil
Belo Monte,Brazil
Pium,Brazil
Paulo Lopes,Brazil
Guia Lopes,Brazil
Pedra Bonita,Brazil
Angical do Piauí,Brazil
Faxinal do Soturno,Brazil
Padre Marcos,Brazil
São Tomé das Letras,Brazil
Pedro Avelino,Brazil
Guarantã,Brazil
Independência,Brazil
Formigueiro,Brazil
Arapoema,Brazil
Jussara,Brazil
Barro Duro,Brazil
Florestal,Brazil
Santa Fé do Araguaia,Brazil
Diamante,Brazil
São José do Piauí,Brazil
Santa Cruz,Brazil
Boa Vista do Burica,Brazil
Reduto,Brazil
Guarda Mor,Brazil
Bom Sucesso,Brazil
Nova Aliança,Brazil
Trombudo Central,Brazil
Condor,Brazil
Itambaracá,Brazil
Cipotânea,Brazil
Palma,Brazil
Cândido Godói,Brazil
Tuiuti,Brazil
Barão de Cotegipe,Brazil
Conquista,Brazil
Marisópolis,Brazil
Vitorino,Brazil
Luís Domingues,Brazil
Morro do Chapéu,Brazil
Novo Oriente,Brazil
Orindiúva,Brazil
Doutor Severiano,Brazil
Lassance,Brazil
São Francisco de Oliveira,Brazil
Iacri,Brazil
Juti,Brazil
Selvíria,Brazil
Iraí de Minas,Brazil
Laranjal,Brazil
Vargem Alegre,Brazil
Bom Jardim de Minas,Brazil
Cabeceira Grande,Brazil
Maturé,Brazil
Borrazópolis,Brazil
Quintana,Brazil
São José do Jacuri,Brazil
Itá,Brazil
Barra do Rocha,Brazil
Tiros,Brazil
Lagoa de São Francisco,Brazil
Brejo dos Santos,Brazil
Maracajá,Brazil
Macambira,Brazil
Luislândia,Brazil
Jussari,Brazil
Divinópolis do Tocantins,Brazil
São Carlos do Ivaí,Brazil
Amaral Ferrador,Brazil
Arandu,Brazil
Nova Palma,Brazil
Naque,Brazil
Treze Tílias,Brazil
Mendes Pimentel,Brazil
Capim,Brazil
Fazenda Nova,Brazil
Itirapuã,Brazil
Mamonas,Brazil
Tanque d’Arca,Brazil
Araguacema,Brazil
Echaporã,Brazil
Ichu,Brazil
Anhembi,Brazil
Itarumã,Brazil
Careaçu,Brazil
São Francisco do Piauí,Brazil
Sertão,Brazil
Tumiritinga,Brazil
Paraíso,Brazil
Vidal Ramos,Brazil
Pérola do Oeste,Brazil
Botumirim,Brazil
Rio Grande do Piauí,Brazil
Cacaulândia,Brazil
Mariópolis,Brazil
São Gonçalo do Abaeté,Brazil
Pontal do Araguaia,Brazil
Catugi,Brazil
Rio Sono,Brazil
Campo Limpo,Brazil
Sapucaí-Mirim,Brazil
Nossa Senhora de Lourdes,Brazil
São Pedro,Brazil
Luisburgo,Brazil
São Jose de Gaiana,Brazil
Grão Pará,Brazil
General Sampaio,Brazil
Santa Luzia D’Oeste,Brazil
Pinhalão,Brazil
Colômbia,Brazil
Taiaçu,Brazil
Bossoroca,Brazil
Guairaçá,Brazil
Indianópolis,Brazil
Aratiba,Brazil
Lagoão,Brazil
Serrinha,Brazil
Americano Brasil,Brazil
Progresso,Brazil
São José da Boa Vista,Brazil
Silveiras,Brazil
Serraria,Brazil
Almadina,Brazil
Rio das Antas,Brazil
Graça Aranha,Brazil
Potiretama,Brazil
Pardinho,Brazil
São João da Serra,Brazil
São Francisco de Goiás,Brazil
Águas de Chapecó,Brazil
Taciba,Brazil
Sabáudia,Brazil
Santa Filomena,Brazil
Jambeiro,Brazil
Campo Alegre de Goiás,Brazil
Santo Antônio do Jardim,Brazil
Santa Maria do Erval,Brazil
Crisólita,Brazil
Pedra Bela,Brazil
Hulha Negra,Brazil
Colônia do Gurguéia,Brazil
São Vicente,Brazil
Silvianópolis,Brazil
Santa Cruz do Piauí,Brazil
Baixio,Brazil
Jandaia,Brazil
Betânia do Piauí,Brazil
Passo do Sobrado,Brazil
Santo Antônio de Lisboa,Brazil
Laurentino,Brazil
Bela Vista do Tôldo,Brazil
Sales,Brazil
Dona Eusébia,Brazil
Itumirim,Brazil
Nova Olinda,Brazil
Munhoz,Brazil
Francisco Alves,Brazil
Pacujá,Brazil
Itambé,Brazil
Aiuruoca,Brazil
Ibiara,Brazil
Pinhão,Brazil
Santa Albertina,Brazil
Camalaú,Brazil
Nortelândia,Brazil
Anta Gorda,Brazil
Santa Bárbara do Rio Pardo,Brazil
Américo de Campos,Brazil
Confins,Brazil
Pai Pedro,Brazil
Floresta,Brazil
São João do Sabugi,Brazil
Chuí,Brazil
Santa Helena,Brazil
Ouro Verde de Minas,Brazil
Ubarana,Brazil
Caracol,Brazil
Afonso Cunha,Brazil
Barra de São Miguel,Brazil
Santa Maria da Serra,Brazil
Rio do Campo,Brazil
Campina do Monte Alegre,Brazil
Pouso Alto,Brazil
Divisa Alegre,Brazil
Frei Gaspar,Brazil
José da Penha,Brazil
Coqueiro Sêco,Brazil
Ijaci,Brazil
Adrianópolis,Brazil
Sertão de Santana,Brazil
São João do Caiuá,Brazil
Padre Carvalho,Brazil
Poloni,Brazil
Itaguatins,Brazil
Itueta,Brazil
Chapéu,Brazil
Sertaneja,Brazil
São Sebastião do Curral,Brazil
Parecis,Brazil
Rubelita,Brazil
Córrego Fundo,Brazil
Firmino Alves,Brazil
Laranjal,Brazil
Aroazes,Brazil
São Francisco de Sales,Brazil
Toledo,Brazil
Divisa Nova,Brazil
Fernando Prestes,Brazil
Inhaúma,Brazil
Cristália,Brazil
Coroados,Brazil
Santa Bárbara,Brazil
Solidão,Brazil
Rodeio Bonito,Brazil
Serra de São Bento,Brazil
Barão,Brazil
Piacatu,Brazil
Anta,Brazil
Felipe Guerra,Brazil
Aragominas,Brazil
Três Fronteiras,Brazil
Inaciolândia,Brazil
Santa Clara do Sul,Brazil
Guaimbê,Brazil
Senhora de Oliveira,Brazil
Santa Ernestina,Brazil
Morro Reuter,Brazil
Jaramatáia,Brazil
Soledade de Minas,Brazil
São Julião,Brazil
Malta,Brazil
Caldeirão Grande,Brazil
Perobal,Brazil
Calumbi,Brazil
Chalé,Brazil
Gracho Cardoso,Brazil
Tucunduva,Brazil
Senador Elói de Souza,Brazil
Maria Helena,Brazil
Cedro de São João,Brazil
Xambrê,Brazil
Corguinho,Brazil
Tiradentes,Brazil
Taiuva,Brazil
Taquarivaí,Brazil
Fernandes Pinheiro,Brazil
Luzerna,Brazil
Sardoá,Brazil
Cana Verde,Brazil
Barra do Chapéu,Brazil
Gurinhatã,Brazil
Aguiar,Brazil
Cocal dos Alves,Brazil
Itaú,Brazil
Alambari,Brazil
Cravolândia,Brazil
Caiuá,Brazil
Anchieta,Brazil
Veredinha,Brazil
Águas Mornas,Brazil
Mesquita,Brazil
Cocalinho,Brazil
Rondinha,Brazil
São Jorge do Ivaí,Brazil
Sobrália,Brazil
Santa Luz,Brazil
Luisiânia,Brazil
Britânia,Brazil
Campinas do Sul,Brazil
Sabino,Brazil
Grandes Rios,Brazil
Mucurici,Brazil
Bom Jesus do Amparo,Brazil
Gaurama,Brazil
Sambaíba,Brazil
Aramina,Brazil
Boa Ventura,Brazil
Benedito Leite,Brazil
Ouvidor,Brazil
Santa Rita do Itueto,Brazil
Braúna,Brazil
Alcantil,Brazil
Cabaceiras,Brazil
Amaporã,Brazil
Itaguaru,Brazil
Marabá Paulista,Brazil
Paula Freitas,Brazil
Machadinho,Brazil
Pau D’Arco,Brazil
São Domingos das Dores,Brazil
Campinas do Piauí,Brazil
Coronel Ezequiel,Brazil
Rio Espera,Brazil
São José do Goiabal,Brazil
São Martinho,Brazil
Itaverava,Brazil
Ibiracatu,Brazil
Borborema,Brazil
São Tomé,Brazil
Palmópolis,Brazil
Barrolândia,Brazil
Aliança do Tocantins,Brazil
Janduís,Brazil
Presidente Bernardes,Brazil
Virgolândia,Brazil
Bandeira do Sul,Brazil
Feira Nova,Brazil
Minador do Negrão,Brazil
Bertolínia,Brazil
Porto dos Gaúchos,Brazil
Bom Princípio,Brazil
Fruta de Leite,Brazil
Bacurituba,Brazil
Patrocínio do Muriaé,Brazil
General Carneiro,Brazil
Landri Sales,Brazil
Rio Manso,Brazil
Avaí,Brazil
Darcinópolis,Brazil
Acorizal,Brazil
Macuco,Brazil
Santo Inácio,Brazil
Olhos d’Água,Brazil
Goiandira,Brazil
São João da Ponta,Brazil
Figueirópolis,Brazil
Francinópolis,Brazil
Guaraci,Brazil
Santana de Mangueira,Brazil
Jacaré dos Homens,Brazil
Senador Amaral,Brazil
Piranguçu,Brazil
Porto do Mangue,Brazil
Santa Maria do Salto,Brazil
Manoel Emídio,Brazil
Datas,Brazil
Caparaó,Brazil
São Nicolau,Brazil
São Pedro do Suaçuí,Brazil
Dom Silvério,Brazil
São João de Manteninha,Brazil
Brejinho de Nazaré,Brazil
Entre-Folhas,Brazil
Maetinga,Brazil
Aguiarnópolis,Brazil
Conceição do Pará,Brazil
Ibiquera,Brazil
Jequitibá,Brazil
Dores de Guanhães,Brazil
Salmourão,Brazil
Liberato Salzano,Brazil
Vila Propício,Brazil
Rio do Prado,Brazil
Japurá,Brazil
Bento Fernandes,Brazil
Serra do Navio,Brazil
Guzolândia,Brazil
Agricolândia,Brazil
Gameleiras,Brazil
Pranchita,Brazil
São José da Varginha,Brazil
Rochedo,Brazil
Volta Grande,Brazil
Silvanópolis,Brazil
Jampruca,Brazil
Pequizeiro,Brazil
Dom Cavati,Brazil
Mercedes,Brazil
Caxingá,Brazil
Palestina,Brazil
Liberdade,Brazil
Álvaro de Carvalho,Brazil
Rio Branco,Brazil
General Carneiro,Brazil
Vargem Grande do Rio Pardo,Brazil
Ipiguá,Brazil
Pratânia,Brazil
Sítio Novo,Brazil
Barra Longa,Brazil
São Cristovão do Sul,Brazil
Itaara,Brazil
Ibertioga,Brazil
Couto de Magalhães,Brazil
Cristiano Otoni,Brazil
Bom Sucesso,Brazil
Bocaina de Minas,Brazil
Abunã,Brazil
Príncipe da Beira,Brazil
Santiago,Chile
Puente Alto,Chile
Maipú,Chile
La Florida,Chile
Antofagasta,Chile
Viña del Mar,Chile
San Bernardo,Chile
Valparaíso,Chile
Temuco,Chile
Las Condes,Chile
Rancagua,Chile
Concepción,Chile
Talca,Chile
Coquimbo,Chile
Arica,Chile
La Serena,Chile
Iquique,Chile
Puerto Montt,Chile
Chillán,Chile
Calama,Chile
Copiapó,Chile
Valdivia,Chile
Quilpué,Chile
Talcahuano,Chile
Osorno,Chile
Colina,Chile
Los Ángeles,Chile
Curicó,Chile
Villa Alemana,Chile
Melipilla,Chile
Punta Arenas,Chile
La Granja,Chile
Coronel,Chile
Alto Hospicio,Chile
Lo Barnechea,Chile
Espejo,Chile
Buin,Chile
San Joaquín,Chile
La Reina,Chile
Peñaflor,Chile
San Antonio,Chile
Chiguayante,Chile
Ovalle,Chile
Linares,Chile
Quillota,Chile
San Felipe,Chile
Coyhaique,Chile
Los Andes,Chile
San Fernando,Chile
Talagante,Chile
Villarrica,Chile
La Calera,Chile
Angol,Chile
Penco,Chile
Vallenar,Chile
Lota,Chile
San Clemente,Chile
Tomé,Chile
Alerce,Chile
Parral,Chile
Placilla de Peñuelas,Chile
Ancud,Chile
Constitución,Chile
Lampa,Chile
Isla de Maipo,Chile
Victoria,Chile
Cañete,Chile
Castro,Chile
Curanilahue,Chile
Concón,Chile
Quintero,Chile
Nueva Imperial,Chile
Cauquenes,Chile
San Javier,Chile
Pucón,Chile
Chillán Viejo,Chile
La Unión,Chile
Puerto Varas,Chile
Carahue,Chile
Salamanca,Chile
Las Cabras,Chile
Tocopilla,Chile
Cartagena,Chile
Lebu,Chile
La Cruz,Chile
Casablanca,Chile
Puerto Natales,Chile
Los Vilos,Chile
Hualqui,Chile
Purranque,Chile
Illapel,Chile
Bulnes,Chile
Pichidegua,Chile
Cabildo,Chile
La Ligua,Chile
Hijuelas,Chile
Arauco,Chile
Puerto Aysén,Chile
Río Bueno,Chile
Batuco,Chile
Curacautín,Chile
Collipulli,Chile
Calbuco,Chile
Loncoche,Chile
Chépica,Chile
Peumo,Chile
Diego de Almagro,Chile
Futrono,Chile
Chañaral,Chile
Vicuña,Chile
San José de Maipo,Chile
El Tabo,Chile
Tierra Amarilla,Chile
Frutillar,Chile
Purén,Chile
Los Lagos,Chile
Pichilemu,Chile
San Francisco de Mostazal,Chile
Galvarino,Chile
Palmilla,Chile
Panguipulli,Chile
Andacollo,Chile
Chicureo Abajo,Chile
Punitaqui,Chile
Yungay,Chile
Pinto,Chile
María Pinto,Chile
Caldera,Chile
Lonquimay,Chile
Taltal,Chile
Lago Ranco,Chile
San Pedro,Chile
Pozo Almonte,Chile
Lo Miranda,Chile
Puerto Octay,Chile
Lanco,Chile
Ventanas,Chile
Quinchao,Chile
Curarrehue,Chile
Fresia,Chile
Pelluhue,Chile
Hanga Roa,Chile
Dalcahue,Chile
Quellón,Chile
La Punta,Chile
Monte Águila,Chile
Quirihue,Chile
Oficina María Elena,Chile
Papudo,Chile
El Palqui,Chile
Porvenir,Chile
Chonchi,Chile
Contulmo,Chile
San Pedro de Atacama,Chile
Alto del Carmen,Chile
Puchuncaví,Chile
Combarbalá,Chile
Chaitén,Chile
Laraquete,Chile
Santa Bárbara,Chile
Cochrane,Chile
Huasco,Chile
Toltén,Chile
Mejillones,Chile
Puerto Williams,Chile
Toconao,Chile
Balsadero Río Verde,Chile
Villa O’Higgins,Chile
Cuya,Chile
Lagunas,Chile
Chuquicamata,Chile
Bogotá,Colombia
Timbío,Colombia
Medellín,Colombia
Cali,Colombia
Barranquilla,Colombia
Cartagena,Colombia
Palermo,Colombia
Cúcuta,Colombia
Soledad,Colombia
Pereira,Colombia
Bucaramanga,Colombia
Valledupar,Colombia
Ibagué,Colombia
Villavicencio,Colombia
Soacha,Colombia
Santa Marta,Colombia
Montería,Colombia
Manizales,Colombia
Buenaventura,Colombia
Pasto,Colombia
Bello,Colombia
Neiva,Colombia
Palmira,Colombia
Zarzal,Colombia
Armenia,Colombia
Popayán,Colombia
Sincelejo,Colombia
Itagüí,Colombia
Floridablanca,Colombia
Envigado,Colombia
Tuluá,Colombia
Barrancabermeja,Colombia
Tunja,Colombia
Zipaquirá,Colombia
Turbo,Colombia
Dosquebradas,Colombia
Ríohacha,Colombia
Girón,Colombia
Florencia,Colombia
Fusagasugá,Colombia
Rionegro,Colombia
Cartago,Colombia
Pitalito,Colombia
Quibdó,Colombia
Girardot,Colombia
Ciénaga,Colombia
Duitama,Colombia
Magangué,Colombia
Maicao,Colombia
Apartadó,Colombia
Uribia,Colombia
Piedecuesta,Colombia
Facatativá,Colombia
Guadalajara de Buga,Colombia
Santander de Quilichao,Colombia
Sogamoso,Colombia
Madrid,Colombia
Aguachica,Colombia
Ipiales,Colombia
Yopal,Colombia
Chía,Colombia
Jamundí,Colombia
Arauca,Colombia
Yumbo,Colombia
Mosquera,Colombia
Fundación,Colombia
Ocaña,Colombia
Montelíbano,Colombia
Tumaco,Colombia
Chiquinquirá,Colombia
Sabanalarga,Colombia
Chigorodó,Colombia
Cereté,Colombia
Sabaneta,Colombia
Caldas,Colombia
Funza,Colombia
Los Patios,Colombia
Tierralta,Colombia
Arjona,Colombia
Espinal,Colombia
Acacías,Colombia
Copacabana,Colombia
Santa Rosa de Cabal,Colombia
San Vicente del Caguán,Colombia
La Dorada,Colombia
San Andrés,Colombia
Corozal,Colombia
Villa del Rosario,Colombia
Garzón,Colombia
Planeta Rica,Colombia
Necoclí,Colombia
San José del Guaviare,Colombia
Manaure,Colombia
El Carmen de Bolívar,Colombia
Marinilla,Colombia
Ciénaga de Oro,Colombia
Turbaco,Colombia
Puerto Asís,Colombia
Riosucio,Colombia
Plato,Colombia
Villamaría,Colombia
San Marcos,Colombia
Florida,Colombia
Pamplona,Colombia
Pradera,Colombia
Orito,Colombia
Riosucio,Colombia
Puerto Boyacá,Colombia
El Banco,Colombia
San Gil,Colombia
Valle del Guamuez,Colombia
Puerto Libertador,Colombia
Tame,Colombia
Barbosa,Colombia
Lorica,Colombia
San Onofre,Colombia
El Bagre,Colombia
Girardota,Colombia
Guarne,Colombia
Chinú,Colombia
Baranoa,Colombia
Cimitarra,Colombia
María la Baja,Colombia
Agustín Codazzi,Colombia
Samaniego,Colombia
Carepa,Colombia
La Vega,Colombia
Chaparral,Colombia
San Andrés de Sotavento,Colombia
Ayapel,Colombia
Urrao,Colombia
Valencia,Colombia
Roldanillo,Colombia
Puerto Tejada,Colombia
San Pelayo,Colombia
Cajicá,Colombia
Arboletes,Colombia
Villeta,Colombia
Andes,Colombia
Aguazul,Colombia
Cumaribo,Colombia
Miranda,Colombia
El Charco,Colombia
Cáceres,Colombia
Santa Rosa del Sur,Colombia
Montenegro,Colombia
Pueblo Nuevo,Colombia
Yarumal,Colombia
Tuchín,Colombia
Arauquita,Colombia
Guaduas,Colombia
Segovia,Colombia
Pie de Pató,Colombia
Cumbal,Colombia
Aracataca,Colombia
La Unión,Colombia
Túquerres,Colombia
Acevedo,Colombia
Bosconia,Colombia
Líbano,Colombia
Villa de San Diego de Ubaté,Colombia
San Juan del Cesar,Colombia
Puerto Berrío,Colombia
Tarazá,Colombia
Cajibío,Colombia
Sibaté,Colombia
Sampués,Colombia
Dibulla,Colombia
El Bordo,Colombia
Santa Rosa de Osos,Colombia
Tibú,Colombia
Melgar,Colombia
Dagua,Colombia
La Macarena,Colombia
Belalcázar,Colombia
Sonsón,Colombia
Tocancipá,Colombia
San Pablo,Colombia
San Bernardo del Viento,Colombia
Santiago de Tolú,Colombia
Guacarí,Colombia
Gigante,Colombia
Cartagena del Chairá,Colombia
Yarumal,Colombia
Quimbaya,Colombia
Fonseca,Colombia
San Vicente de Chucurí,Colombia
Puerto López,Colombia
San Luis de Sincé,Colombia
Campoalegre,Colombia
Buenos Aires,Colombia
Caldono,Colombia
San Agustín,Colombia
San Juan Nepomuceno,Colombia
Majagual,Colombia
Quinchía,Colombia
Puerto Rico,Colombia
San Antero,Colombia
Corinto,Colombia
Pivijay,Colombia
Puebloviejo,Colombia
Bocas de Satinga,Colombia
Puerto Escondido,Colombia
Silvia,Colombia
El Difícil,Colombia
Inzá,Colombia
Leticia,Colombia
La Virginia,Colombia
San Pedro de Urabá,Colombia
Remedios,Colombia
Paipa,Colombia
Guachavés,Colombia
Sitionuevo,Colombia
Galapa,Colombia
Puerto Wilches,Colombia
Neira,Colombia
Guamo,Colombia
Amagá,Colombia
Chimichagua,Colombia
Planadas,Colombia
Fresno,Colombia
Purificación,Colombia
Tabio,Colombia
Barbosa,Colombia
Flandes,Colombia
Aipe,Colombia
Sopó,Colombia
Moñitos,Colombia
La Dorada,Colombia
La Calera,Colombia
Caicedonia,Colombia
Hatonuevo,Colombia
San Carlos,Colombia
Isnos,Colombia
Coyaima,Colombia
Mitú,Colombia
Guamal,Colombia
Circasia,Colombia
Argelia,Colombia
Supía,Colombia
Ciudad Bolívar,Colombia
Tauramena,Colombia
San Juan de Urabá,Colombia
Pueblo Bello,Colombia
Fortul,Colombia
Morales,Colombia
Los Córdobas,Colombia
Puerto Colombia,Colombia
San Benito Abad,Colombia
San Alberto,Colombia
Balboa,Colombia
Pensilvania,Colombia
Paz de Ariporo,Colombia
Buesaco,Colombia
Mahates,Colombia
Istmina,Colombia
Santa Ana,Colombia
San Martín,Colombia
Nechí,Colombia
Yolombó,Colombia
Solano,Colombia
Vistahermosa,Colombia
San José,Colombia
La Unión,Colombia
Chocontá,Colombia
Sandoná,Colombia
Pinillos,Colombia
Socorro,Colombia
Sabanagrande,Colombia
Villanueva,Colombia
Algeciras,Colombia
Santa Rosa,Colombia
Calamar,Colombia
El Retorno,Colombia
Valdivia,Colombia
Puerto Guzmán,Colombia
La Montañita,Colombia
Donmatías,Colombia
Rioblanco,Colombia
Marsella,Colombia
Cogua,Colombia
El Zulia,Colombia
Honda,Colombia
El Paso,Colombia
Canalete,Colombia
Teorama,Colombia
San José,Colombia
Alcalá,Colombia
Santo Tomás,Colombia
Puerto Concordia,Colombia
Achí,Colombia
Curumaní,Colombia
Palmar de Varela,Colombia
Dabeiba,Colombia
Luruaco,Colombia
Guadalupe,Colombia
Santa Fe de Antioquia,Colombia
Amalfi,Colombia
Buenavista,Colombia
Manzanares,Colombia
Sardinata,Colombia
Mutatá,Colombia
La Jagua de Ibirico,Colombia
Natagaima,Colombia
El Doncello,Colombia
El Colegio,Colombia
Repelón,Colombia
Pailitas,Colombia
Timbiquí,Colombia
Tiquisio,Colombia
Mocoa,Colombia
Silvania,Colombia
Taminango,Colombia
Villa de Leyva,Colombia
Ginebra,Colombia
Puerto Triunfo,Colombia
San Jacinto,Colombia
Nueva Granada,Colombia
Galeras,Colombia
Villagarzón,Colombia
San Bernardo,Colombia
El Paujíl,Colombia
Santa Bárbara,Colombia
Moniquirá,Colombia
Almaguer,Colombia
Aguadas,Colombia
Montecristo,Colombia
Suaza,Colombia
Villapinzón,Colombia
Fredonia,Colombia
El Retén,Colombia
Bugalagrande,Colombia
Sotomayor,Colombia
Ovejas,Colombia
Samacá,Colombia
Timaná,Colombia
San Lorenzo,Colombia
Concordia,Colombia
Simití,Colombia
Tenjo,Colombia
Rovira,Colombia
Inírida,Colombia
Urumita,Colombia
Polonuevo,Colombia
La Unión,Colombia
Tadó,Colombia
Vélez,Colombia
Tocaima,Colombia
Ponedera,Colombia
Campo de la Cruz,Colombia
Sabana de Torres,Colombia
Pelaya,Colombia
Salgar,Colombia
La Primavera,Colombia
Totoró,Colombia
Guaranda,Colombia
Suesca,Colombia
Betulia,Colombia
El Rosal,Colombia
Retiro,Colombia
Puerto Carreño,Colombia
El Piñón,Colombia
Anorí,Colombia
Aquitania,Colombia
Chivolo,Colombia
Guasca,Colombia
Landázuri,Colombia
Támesis,Colombia
La Apartada,Colombia
Obando,Colombia
Condoto,Colombia
Anapoima,Colombia
Sopetrán,Colombia
Tenerife,Colombia
Juan de Acosta,Colombia
Titiribí,Colombia
El Carmen de Atrato,Colombia
Río de Oro,Colombia
Córdoba,Colombia
Guapí,Colombia
Jardín,Colombia
Altos del Rosario,Colombia
Filandia,Colombia
Manatí,Colombia
San Jacinto del Cauca,Colombia
Rosas,Colombia
Anolaima,Colombia
Los Santos,Colombia
Santa Bárbara de Pinto,Colombia
Saboyá,Colombia
Hatillo de Loba,Colombia
Córdoba,Colombia
Ebéjico,Colombia
Caimito,Colombia
Curití,Colombia
Oiba,Colombia
Puente Nacional,Colombia
Candelaria,Colombia
Santa Lucía,Colombia
La Unión,Colombia
Cisneros,Colombia
Guayabal,Colombia
Talaigua Nuevo,Colombia
Coveñas,Colombia
El Playón,Colombia
Belén de los Andaquíes,Colombia
El Águila,Colombia
Agua de Dios,Colombia
El Tarra,Colombia
Mogotes,Colombia
Santo Domingo,Colombia
Tubará,Colombia
Regidor,Colombia
Lenguazaque,Colombia
Charalá,Colombia
Medina,Colombia
Granada,Colombia
Suaita,Colombia
Margarita,Colombia
Norosí,Colombia
Puerto Nariño,Colombia
Chita,Colombia
Pesca,Colombia
Granada,Colombia
Tibaná,Colombia
San Zenón,Colombia
Nuquí,Colombia
Alvarado,Colombia
Guatapé,Colombia
Bojacá,Colombia
Zapatoca,Colombia
Junín,Colombia
Iles,Colombia
La Belleza,Colombia
Usiacurí,Colombia
Muzo,Colombia
Orocué,Colombia
Puerres,Colombia
San Francisco,Colombia
Aratoca,Colombia
Uramita,Colombia
Uribe,Colombia
Motavita,Colombia
Pedraza,Colombia
Puerto Parra,Colombia
San Luis de Palenque,Colombia
Paratebueno,Colombia
Santana,Colombia
Coromoro,Colombia
Ambalema,Colombia
Tarso,Colombia
Maripí,Colombia
Simacota,Colombia
Soatá,Colombia
Tona,Colombia
Socha,Colombia
Salento,Colombia
Boavita,Colombia
Guatavita,Colombia
Güicán,Colombia
Cubará,Colombia
Albania,Colombia
Tasco,Colombia
Florián,Colombia
Heliconia,Colombia
Colosó,Colombia
Albán,Colombia
Sutamarchán,Colombia
Chitaraque,Colombia
Zipacón,Colombia
Chíquiza,Colombia
Villanueva,Colombia
Caramanta,Colombia
Tota,Colombia
Córdoba,Colombia
El Cocuy,Colombia
Arcabuco,Colombia
San José de Pare,Colombia
Betulia,Colombia
Labranzagrande,Colombia
Juradó,Colombia
Guayaquil,Ecuador
Quito,Ecuador
Cuenca,Ecuador
Santo Domingo de los Colorados,Ecuador
Machala,Ecuador
Eloy Alfaro,Ecuador
Manta,Ecuador
Portoviejo,Ecuador
Loja,Ecuador
Ambato,Ecuador
Esmeraldas,Ecuador
Quevedo,Ecuador
Riobamba,Ecuador
Milagro,Ecuador
Ibarra,Ecuador
Babahoyo,Ecuador
Sangolquí,Ecuador
Pelileo,Ecuador
Daule,Ecuador
Latacunga,Ecuador
Tulcán,Ecuador
Chone,Ecuador
Pasaje,Ecuador
Santa Rosa,Ecuador
Nueva Loja,Ecuador
Huaquillas,Ecuador
Montecristi,Ecuador
Samborondón,Ecuador
Puerto Francisco de Orellana,Ecuador
Jipijapa,Ecuador
Santa Elena,Ecuador
Otavalo,Ecuador
Cayambe,Ecuador
San Jacinto de Buena Fe,Ecuador
Ventanas,Ecuador
Velasco Ibarra,Ecuador
La Troncal,Ecuador
Salinas,Ecuador
Playas,Ecuador
Azogues,Ecuador
Vinces,Ecuador
La Concordia,Ecuador
Rosa Zarate,Ecuador
Balzar,Ecuador
Naranjito,Ecuador
Naranjal,Ecuador
Puyo,Ecuador
Guaranda,Ecuador
La Maná,Ecuador
Tena,Ecuador
San Lorenzo de Esmeraldas,Ecuador
Catamayo,Ecuador
Atuntaqui,Ecuador
Bahía de Caráquez,Ecuador
Puerto Quito,Ecuador
Pedro Carbo,Ecuador
Macas,Ecuador
Yaguachi Nuevo,Ecuador
Valencia,Ecuador
Piñas,Ecuador
San Gabriel,Ecuador
Alausí,Ecuador
Lomas de Sargentillo,Ecuador
Muisne,Ecuador
Macará,Ecuador
Baños,Ecuador
San Miguel de Salcedo,Ecuador
Zamora,Ecuador
Valdez,Ecuador
Santa Cruz,Ecuador
Puerto Ayora,Ecuador
Tosagua,Ecuador
Píllaro,Ecuador
Puerto Baquerizo Moreno,Ecuador
Pedro Vicente Maldonado,Ecuador
Archidona,Ecuador
Puerto Villamil,Ecuador
Yaupi,Ecuador
Stanley,Falkland Islands (Islas Malvinas)
Cayenne,French Guiana
Saint-Laurent-du-Maroni,French Guiana
Kourou,French Guiana
Sinnamary,French Guiana
Saint-Georges,French Guiana
Roura,French Guiana
Iracoubo,French Guiana
Georgetown,Guyana
New Amsterdam,Guyana
Linden,Guyana
Anna Regina,Guyana
Princetown,Guyana
Bartica,Guyana
Lethem,Guyana
Mabaruma,Guyana
Ituni,Guyana
Vreed-en-Hoop,Guyana
Fort Wellington,Guyana
Mahdia,Guyana
Asunción,Paraguay
Ciudad del Este,Paraguay
San Lorenzo,Paraguay
Pedro Juan Caballero,Paraguay
Coronel Oviedo,Paraguay
Itá,Paraguay
San Antonio,Paraguay
Encarnación,Paraguay
Areguá,Paraguay
San Ignacio,Paraguay
Concepción,Paraguay
Villarrica,Paraguay
Salto del Guairá,Paraguay
San Pedro de Ycuamandiyú,Paraguay
Ypané,Paraguay
Pilar,Paraguay
Yaguarón,Paraguay
Ypacaraí,Paraguay
Tobatí,Paraguay
Caacupé,Paraguay
Paraguarí,Paraguay
Filadelfia,Paraguay
Estancia Pozo Colorado,Paraguay
Bella Vista,Paraguay
Horqueta,Paraguay
Villa Hayes,Paraguay
Coronel Bogado,Paraguay
Belén,Paraguay
San Juan Bautista,Paraguay
Caazapá,Paraguay
Hohenau,Paraguay
Villa del Rosario,Paraguay
Puerto Casado,Paraguay
Arroyos y Esteros,Paraguay
Abaí,Paraguay
Villa Ygatimí,Paraguay
Mariscal José Félix Estigarribia,Paraguay
Fuerte Olimpo,Paraguay
Pozo Colorado,Paraguay
Ñacunday,Paraguay
Capitán Pablo Lagerenza,Paraguay
General Eugenio A. Garay,Paraguay
Ypejhú,Paraguay
Puerto Pinasco,Paraguay
Lima,Peru
Callao,Peru
Arequipa,Peru
Trujillo,Peru
Chiclayo,Peru
Chimbote,Peru
Piura,Peru
Cusco,Peru
Huancayo,Peru
Iquitos,Peru
Pucallpa,Peru
Juliaca,Peru
Tacna,Peru
Ica,Peru
Tarapoto,Peru
Cajamarca,Peru
Huacho,Peru
Huánuco,Peru
Ayacucho,Peru
Paita,Peru
Sullana,Peru
Huaycan,Peru
Barranca,Peru
Puno,Peru
Huaraz,Peru
Pisco,Peru
Tumbes,Peru
Talara,Peru
Chosica,Peru
Puerto Maldonado,Peru
Andahuaylas,Peru
Huaral,Peru
Abancay,Peru
Moquegua,Peru
Chulucanas,Peru
Ilo,Peru
Chincha Alta,Peru
Yurimaguas,Peru
Cerro de Pasco,Peru
Lambayeque,Peru
Chota,Peru
Tarma,Peru
Jaén,Peru
Moyobamba,Peru
Huancavelica,Peru
Tingo María,Peru
Bagua Grande,Peru
Huaura,Peru
Juanjuí,Peru
Virú,Peru
Sicuani,Peru
Forbe Oroya,Peru
Chancay,Peru
Sechura,Peru
Chachapoyas,Peru
Pativilca,Peru
Ferreñafe,Peru
Huamachuco,Peru
Huanta,Peru
Casma,Peru
Tocache Nuevo,Peru
Mollendo,Peru
Jauja,Peru
Pacasmayo,Peru
San Vicente de Cañete,Peru
Otuzco,Peru
Santo Tomás,Peru
Carás,Peru
Nazca,Peru
Juli,Peru
Camaná,Peru
Ayaviri,Peru
Contamana,Peru
Requena,Peru
Zarumilla,Peru
San Pedro de Lloc,Peru
Huarmey,Peru
Ilave,Peru
Puquio,Peru
Puerto Pimentel,Peru
Junín,Peru
San Ramón,Peru
Lamas,Peru
Motupe,Peru
Cajabamba,Peru
Chilca,Peru
Oxapampa,Peru
Santiago,Peru
Salaverry,Peru
Satipo,Peru
Olmos,Peru
Putina,Peru
Yungay,Peru
Coracora,Peru
Lagunas,Peru
Desaguadero,Peru
Caballococha,Peru
Urubamba,Peru
Nauta,Peru
Tournavista,Peru
Rocafuerte,Peru
Güeppí,Peru
Andoas,Peru
Puca Urco,Peru
Soldado Bartra,Peru
Paramaribo,Suriname
Cottica,Suriname
Nieuw Nickerie,Suriname
Brokopondo,Suriname
Moengo,Suriname
Tamanredjo,Suriname
Domburg,Suriname
Albina,Suriname
Nieuw Amsterdam,Suriname
Brownsweg,Suriname
Groningen,Suriname
Onverwacht,Suriname
Totness,Suriname
Lelydorp,Suriname
Montevideo,Uruguay
Salto,Uruguay
Ciudad de la Costa,Uruguay
Maldonado,Uruguay
Paysandú,Uruguay
Las Piedras,Uruguay
Rivera,Uruguay
Tacuarembó,Uruguay
Melo,Uruguay
Mercedes,Uruguay
Artigas,Uruguay
Minas,Uruguay
San José,Uruguay
Durazno,Uruguay
Florida,Uruguay
Colonia del Sacramento,Uruguay
Pando,Uruguay
Treinta y Tres,Uruguay
Rocha,Uruguay
Fray Bentos,Uruguay
Trinidad,Uruguay
Canelones,Uruguay
Bella Unión,Uruguay
Carmelo,Uruguay
Santa Lucía,Uruguay
Progreso,Uruguay
Dolores,Uruguay
Río Branco,Uruguay
Paso de los Toros,Uruguay
Libertad,Uruguay
Nueva Helvecia,Uruguay
Nueva Palmira,Uruguay
Chuy,Uruguay
Rosario,Uruguay
Punta del Este,Uruguay
Piriápolis,Uruguay
Salinas,Uruguay
Parque del Plata,Uruguay
Lascano,Uruguay
Castillos,Uruguay
Tranqueras,Uruguay
Sarandí del Yi,Uruguay
San Ramón,Uruguay
San Jacinto,Uruguay
Pan de Azúcar,Uruguay
Joaquín Suárez,Uruguay
Sauce,Uruguay
Sarandí Grande,Uruguay
Atlántida,Uruguay
José Pedro Varela,Uruguay
Tala,Uruguay
Guichón,Uruguay
Vergara,Uruguay
La Paloma,Uruguay
Aiguá,Uruguay
Baltasar Brum,Uruguay
José Batlle y Ordóñez,Uruguay
Caracas,Venezuela
Maracaibo,Venezuela
Valencia,Venezuela
Barquisimeto,Venezuela
Ciudad Guayana,Venezuela
Catia La Mar,Venezuela
Ciudad Bolívar,Venezuela
Santa Teresa del Tuy,Venezuela
Maturín,Venezuela
Barcelona,Venezuela
Maracay,Venezuela
Cumaná,Venezuela
Cabimas,Venezuela
Puerto La Cruz,Venezuela
Mérida,Venezuela
Punto Fijo,Venezuela
San Cristóbal,Venezuela
Barinas,Venezuela
Coro,Venezuela
Turmero,Venezuela
Los Teques,Venezuela
Baruta,Venezuela
San Felipe,Venezuela
Cúa,Venezuela
La Victoria,Venezuela
El Tigre,Venezuela
Puerto Cabello,Venezuela
Guarenas,Venezuela
La Guaira,Venezuela
Guacara,Venezuela
Tocuyito,Venezuela
Acarigua,Venezuela
San Fernando,Venezuela
Guanare,Venezuela
Valera,Venezuela
Araure,Venezuela
Guatire,Venezuela
San Diego,Venezuela
Carúpano,Venezuela
Santa Rita,Venezuela
Anaco,Venezuela
Palo Negro,Venezuela
Ocumare del Tuy,Venezuela
Villa de Cura,Venezuela
Yaritagua,Venezuela
Calabozo,Venezuela
Los Guayos,Venezuela
Táriba,Venezuela
Guasdualito,Venezuela
Machiques,Venezuela
Cagua,Venezuela
Ciudad Ojeda,Venezuela
Porlamar,Venezuela
San Carlos,Venezuela
Charallave,Venezuela
La Asunción,Venezuela
Valle de La Pascua,Venezuela
Carora,Venezuela
Santa Lucía,Venezuela
Quíbor,Venezuela
Socopó,Venezuela
Tinaquillo,Venezuela
El Limón,Venezuela
Rubio,Venezuela
Cantaura,Venezuela
La Grita,Venezuela
Maiquetía,Venezuela
San Juan de los Morros,Venezuela
Tucupita,Venezuela
Puerto Ayacucho,Venezuela
San Carlos del Zulia,Venezuela
Cabudare,Venezuela
Caripito,Venezuela
Zaraza,Venezuela
San Antonio del Táchira,Venezuela
Upata,Venezuela
Sanare,Venezuela
Santa Cruz de Los Taques,Venezuela
El Tocuyo,Venezuela
Altagracia de Orituco,Venezuela
Trujillo,Venezuela
Lecherías,Venezuela
Santa Rita,Venezuela
Sabaneta,Venezuela
Puerto Píritu,Venezuela
La Colonia Tovar,Venezuela
Chaguaramas,Venezuela
Tucacas,Venezuela
Onoto,Venezuela
San José de Aerocuar,Venezuela
Uracoa,Venezuela
Bruzual,Venezuela
Mucuchíes,Venezuela
Mapire,Venezuela
El Dorado,Venezuela
El Manteco,Venezuela
La Esmeralda,Venezuela